,leiden,n_genes_by_counts,total_counts,pct_counts_mt
AAACATACAACCAC-1,0,781,2421.0,3.0152829
AAACATTGAGCTAC-1,2,1352,4903.0,3.7935958
AAACATTGATCAGC-1,0,1131,3149.0,0.8891712
AAACCGTGCTTCCG-1,3,960,2639.0,1.7430845
AAACCGTGTATGCG-1,1,522,981.0,1.2232417
AAACGCACTGGTAC-1,0,782,2164.0,1.6635859
AAACGCTGACCAGT-1,0,783,2176.0,3.8143382
AAACGCTGGTTCTT-1,0,790,2260.0,3.097345
AAACGCTGTAGCCA-1,1,533,1276.0,1.1755486
AAACGCTGTTTCTG-1,3,550,1103.0,2.9011786
AAACTTGAAAAACG-1,2,1116,3918.0,2.6288922
AAACTTGATCCAGA-1,0,751,2392.0,1.0869565
AAAGAGACGAGATA-1,0,866,2412.0,1.0779436
AAAGAGACGCGAGA-1,3,1059,3034.0,1.4172709
AAAGAGACGGACTT-1,1,458,1152.0,2.34375
AAAGAGACGGCATT-1,0,335,792.0,2.39899
AAAGCAGATATCGG-1,3,1424,4586.0,1.3955517
AAAGCCTGTATGCG-1,0,1014,2929.0,1.7070674
AAAGGCCTGTCTAG-1,2,1446,4974.0,1.5279453
AAAGTTTGATCACG-1,2,446,1270.0,3.464567
AAAGTTTGGGGTGA-1,2,1020,3286.0,2.5867314
AAAGTTTGTAGAGA-1,0,417,1102.0,1.5426497
AAAGTTTGTAGCGT-1,3,878,2684.0,2.4962742
AAATCAACAATGCC-1,2,789,2321.0,1.1632917
AAATCAACACCAGT-1,0,510,1414.0,1.980198
AAATCAACCAGGAG-1,0,824,2801.0,2.2491968
AAATCAACCCTATT-1,3,1545,5680.0,2.4295776
AAATCAACGGAAGC-1,0,996,3473.0,1.7564065
AAATCAACTCGCAA-1,0,937,2812.0,1.8492177
AAATCATGACCACA-1,3,1368,4128.0,4.5784883
AAATCCCTCCACAA-1,0,428,956.0,1.9874477
AAATCCCTGCTATG-1,2,406,822.0,1.703163
AAATGTTGAACGAA-1,3,1020,3211.0,1.9308627
AAATGTTGCCACAA-1,0,786,1761.0,0.62464505
AAATGTTGTGGCAT-1,3,1019,2763.0,1.9182049
AAATTCGAAGGTTC-1,0,750,2741.0,2.225465
AAATTCGAATCACG-1,3,822,2567.0,1.986755
AAATTCGAGCTGAT-1,3,982,2971.0,2.1878154
AAATTCGAGGAGTG-1,0,876,2981.0,2.4823885
AAATTCGATTCTCA-1,1,930,2643.0,1.4377601
AAATTGACACGACT-1,1,838,2359.0,2.1195421
AAATTGACTCGCTC-1,0,1014,3412.0,1.4947245
AACAAACTCATTTC-1,0,732,2179.0,1.422671
AACAAACTTTCGTT-1,0,877,2688.0,1.7113096
AACAATACGACGAG-1,0,782,2104.0,2.9942966
AACACGTGCAGAGG-1,0,787,1801.0,0.8883953
AACACGTGGAAAGT-1,0,791,2632.0,1.0258359
AACACGTGGAACCT-1,3,880,2280.0,2.2368422
AACACGTGGCTACA-1,0,801,2653.0,2.4123633
AACACGTGTACGAC-1,3,1215,3571.0,2.7443295
AACAGCACAAGAGT-1,3,343,689.0,2.467344
AACATTGATGGGAG-1,3,1460,4713.0,3.1614683
AACCAGTGATACCG-1,3,1250,3841.0,2.785733
AACCCAGATCGCTC-1,0,756,2343.0,1.1096884
AACCGATGCTCCCA-1,0,836,2295.0,3.660131
AACCGATGGTCATG-1,2,824,2633.0,2.088872
AACCGATGTTCTAC-1,3,827,2296.0,2.5696864
AACCGCCTAGCGTT-1,0,1238,3391.0,1.6514304
AACCGCCTCTACGA-1,3,1243,3998.0,3.4767382
AACCTACTGTGAGG-1,3,1652,5687.0,1.5825567
AACCTACTGTGTTG-1,0,843,2675.0,2.6542056
AACCTTACGAGACG-1,0,825,2771.0,2.5261638
AACCTTACGCGAGA-1,1,656,1248.0,4.727564
AACCTTACTAACGC-1,3,776,1947.0,1.6949153
AACCTTTGGACGGA-1,0,766,2078.0,1.2993263
AACCTTTGTACGCA-1,3,1465,4621.0,1.9692708
AACGCAACAAGTAG-1,0,790,2049.0,1.5129331
AACGCATGACCCAA-1,0,871,2778.0,2.1958244
AACGCATGCCTTCG-1,0,803,2866.0,2.6866713
AACGCATGTACTTC-1,0,965,2915.0,1.406518
AACGCCCTCGGGAA-1,0,800,2503.0,2.1973631
AACGCCCTCGTACA-1,1,876,1915.0,1.4099216
AACGCCCTGGCATT-1,0,690,1442.0,2.773925
AACGTCGAGTATCG-1,1,988,2149.0,2.0009308
AACGTGTGAAAGCA-1,0,906,2820.0,2.4468086
AACGTGTGGCGGAA-1,2,741,2071.0,2.0762916
AACGTGTGTCCAAG-1,0,620,1665.0,2.4624624
AACGTGTGTGCTTT-1,0,867,1933.0,1.2415934
AACTACCTTAGAGA-1,0,916,2876.0,1.4951321
AACTCACTCAAGCT-1,3,969,2607.0,3.1453776
AACTCACTTGGAGG-1,3,803,2124.0,1.5065913
AACTCGGAAAGTGA-1,1,732,1840.0,3.6413045
AACTCGGAAGGTCT-1,3,555,1290.0,2.4031007
AACTCTTGCAGGAG-1,0,790,2103.0,0.9985735
AACTGTCTCCCTTG-1,3,862,2331.0,2.1879022
AACTTGCTACGCTA-1,2,900,2336.0,2.6541095
AACTTGCTGGGACA-1,0,674,1864.0,2.199571
AAGAACGAGTGTTG-1,0,397,780.0,1.4102564
AAGAAGACGTAGGG-1,2,663,1440.0,2.0833335
AAGACAGAAGTCTG-1,2,563,1125.0,1.8666666
AAGACAGAGGATCT-1,0,786,2315.0,1.2526999
AAGACAGATTACCT-1,3,859,2309.0,2.468601
AAGAGATGGGTAGG-1,2,568,1346.0,2.0802376
AAGATGGAAAACAG-1,2,412,878.0,2.5056946
AAGATGGAGAACTC-1,3,1043,3117.0,1.7003529
AAGATGGAGATAAG-1,3,1206,4023.0,3.9274175
AAGATTACAACCTG-1,0,702,2119.0,1.6989145
AAGATTACAGATCC-1,3,1263,4065.0,1.4760147
AAGATTACCCGTTC-1,3,929,2763.0,2.5696707
AAGATTACCGCCTT-1,4,1079,3063.0,1.7629775
AAGATTACCTCAAG-1,1,938,2280.0,2.4561403
AAGATTACTCCTCG-1,3,316,642.0,2.647975
AAGCAAGAGCGAGA-1,0,900,2480.0,2.298387
AAGCAAGAGCTTAG-1,1,919,2171.0,2.2109628
AAGCAAGAGGTGTT-1,1,862,1698.0,1.7078916
AAGCACTGAGCAAA-1,2,903,3239.0,2.716888
AAGCACTGCATACG-1,1,390,803.0,0.124533
AAGCACTGGTTCTT-1,2,1717,6157.0,2.355043
AAGCCAACGTGTTG-1,0,819,2764.0,1.447178
AAGCCATGAACTGC-1,4,1877,7070.0,1.4002829
AAGCCATGACACGT-1,3,660,1538.0,1.4954486
AAGCCATGCGTGAT-1,0,791,2111.0,1.089531
AAGCCATGTCTCGC-1,0,478,909.0,3.5203521
AAGCCTGACATGCA-1,0,769,1790.0,1.7877095
AAGCCTGACCGAAT-1,3,481,1048.0,2.0038166
AAGCGACTCCTCAC-1,3,819,2103.0,1.7118402
AAGCGACTGTGTCA-1,0,866,3131.0,1.596934
AAGCGACTTACAGC-1,2,600,1494.0,1.8072288
AAGCGACTTTGACG-1,3,1185,3668.0,1.5267175
AAGCGTACGTCTTT-1,0,650,2048.0,3.90625
AAGGCTTGCGAACT-1,1,775,2076.0,0.9152216
AAGGTCACGGTTAC-1,3,699,1870.0,2.459893
AAGGTCACTGTTTC-1,2,642,1775.0,1.8591549
AAGGTCACTTCCCG-1,1,857,2387.0,2.471722
AAGGTCTGACAGTC-1,0,832,2589.0,3.9011202
AAGGTCTGCAGATC-1,0,388,968.0,0.82644624
AAGTAACTCTGAAC-1,3,710,1874.0,2.1878335
AAGTAACTGAGATA-1,2,341,659.0,0.60698026
AAGTAGGATACAGC-1,1,894,1725.0,1.8550724
AAGTATACCGAACT-1,0,935,3253.0,1.8444512
AAGTCCGACTTGTT-1,0,604,1523.0,2.4294157
AAGTCCGATAGAAG-1,0,1008,3369.0,1.8403087
AAGTCTCTAGTCGT-1,0,985,3287.0,2.3729844
AAGTCTCTCGGAGA-1,1,679,1838.0,3.04679
AAGTGGCTTGGAGG-1,2,603,1572.0,2.0356233
AAGTTCCTCATTCT-1,3,864,2336.0,1.969178
AAGTTCCTTCTTAC-1,0,1031,3265.0,2.9402757
AATAAGCTCGAATC-1,0,887,2760.0,2.3550725
AATAAGCTCGTTGA-1,0,603,1606.0,1.3075966
AATACCCTGGACGA-1,2,610,1501.0,2.1985343
AATACCCTGGCATT-1,0,1119,3310.0,1.570997
AATACTGAAAGGGC-1,1,669,1747.0,1.0303377
AATACTGAATTGGC-1,1,794,1816.0,1.9273129
AATAGGGAACCCTC-1,2,963,2877.0,1.5641292
AATAGGGAGAATGA-1,1,756,1864.0,3.5944204
AATCAAACTATCGG-1,1,637,1457.0,2.2649279
AATCCGGAATGCTG-1,2,1032,2805.0,1.4973263
AATCCTACCGGTAT-1,0,776,2440.0,2.5409837
AATCCTTGACGGGA-1,3,860,2533.0,2.3687327
AATCCTTGGTGAGG-1,1,825,1754.0,1.2542759
AATCGGTGGAACTC-1,1,852,1955.0,2.1483376
AATCGGTGTGCTTT-1,0,745,1896.0,1.9514767
AATCTAGAAAAGTG-1,0,858,2582.0,1.975213
AATCTAGAATCGGT-1,0,925,3168.0,2.209596
AATCTCACAGCCTA-1,3,1228,3553.0,2.1390374
AATCTCACTCTAGG-1,0,806,2149.0,0.8375989
AATCTCTGAACAGA-1,0,715,2183.0,1.6032983
AATCTCTGCTTTAC-1,1,668,1710.0,1.8128656
AATGATACACCAAC-1,1,779,1918.0,0.729927
AATGATACGGTCAT-1,3,1197,3095.0,2.003231
AATGCGTGACACCA-1,2,888,2866.0,1.6050243
AATGCGTGGACGGA-1,4,1273,4439.0,2.1175942
AATGCGTGGCTATG-1,2,873,2225.0,2.0674157
AATGGAGAATCGTG-1,3,847,2381.0,3.2759347
AATGGAGATCCTTA-1,1,781,1959.0,2.5523226
AATGGCTGACACCA-1,2,959,3038.0,2.3699803
AATGGCTGCGTGAT-1,0,805,2211.0,1.9900497
AATGGCTGTAAAGG-1,0,554,1286.0,4.821151
AATGGCTGTACTCT-1,1,604,1208.0,4.9668875
AATGGCTGTGAAGA-1,0,785,2145.0,2.6573427
AATGTAACGGTGGA-1,0,978,3047.0,0.5579258
AATGTCCTCTTCTA-1,0,910,3322.0,1.655629
AATGTTGACAGTCA-1,0,936,2739.0,1.9715226
AATGTTGAGTTGAC-1,3,997,2996.0,1.5020027
AATGTTGATCTACT-1,0,961,2673.0,1.7209127
AATTACGAATTCCT-1,4,1314,4511.0,1.884283
AATTACGACTTCTA-1,0,799,2569.0,1.1677696
AATTACGAGTGAGG-1,0,1112,3467.0,0.9229882
AATTACGATTGGCA-1,2,677,1731.0,3.581745
AATTCCTGCTCAGA-1,2,775,1800.0,2.388889
AATTGATGTCGCAA-1,3,1298,3973.0,3.0958972
AATTGTGACTTGGA-1,2,657,1973.0,1.7232642
ACAAAGGAGGGTGA-1,0,626,2019.0,2.4764736
ACAAATTGATTCTC-1,3,1313,4094.0,2.6380067
ACAAATTGCTCAGA-1,3,467,955.0,2.827225
ACAAATTGTTGCGA-1,1,936,2326.0,2.622528
ACAACCGAGGGATG-1,1,977,2384.0,1.761745
ACAACCGAGTTACG-1,0,780,2106.0,1.8043684
ACAAGAGAAGTCGT-1,3,1311,4145.0,3.1845596
ACAAGAGACTTATC-1,0,432,948.0,4.43038
ACAAGAGAGTTGAC-1,2,579,1624.0,4.4334974
ACAATCCTAACCGT-1,0,850,2317.0,1.4674147
ACAATCCTTAGCGT-1,2,736,1847.0,3.4650784
ACAATTGACTGACA-1,1,800,2165.0,2.1709006
ACAATTGATGACTG-1,1,892,1871.0,1.8706573
ACACAGACCATACG-1,1,860,2024.0,2.22332
ACACCAGAGGGCAA-1,0,720,1769.0,1.3001696
ACACCCTGGTGTTG-1,1,822,1808.0,1.3827434
ACACGAACAGTTCG-1,0,681,1524.0,1.5748031
ACACGATGACGCAT-1,1,954,2060.0,2.7669902
ACACGATGATGTGC-1,3,889,2314.0,3.457217
ACACGATGTCGTAG-1,1,1265,3652.0,1.916758
ACACGATGTGGTCA-1,1,919,2311.0,1.6875811
ACAGACACGGCATT-1,0,799,2139.0,3.132305
ACAGACACGTTGTG-1,0,833,1984.0,1.0080645
ACAGCAACACCTAG-1,3,496,1046.0,1.8164436
ACAGCAACCTCAAG-1,3,1476,4435.0,2.0293121
ACAGGTACCCCACT-1,0,848,2729.0,1.0260168
ACAGGTACGCTGTA-1,1,869,2220.0,3.1531532
ACAGGTACTGGTGT-1,1,1059,1886.0,1.2725345
ACAGTCGACCCAAA-1,0,490,1010.0,2.2772276
ACAGTCGACCGATA-1,1,897,2070.0,1.0144928
ACAGTGACTCACCC-1,1,832,2162.0,1.1563367
ACAGTGACTCTATC-1,1,864,2131.0,4.1295166
ACAGTGTGGTCACA-1,0,419,964.0,2.2821577
ACAGTGTGTTGCGA-1,3,856,2274.0,2.2427442
ACATCACTCTACTT-1,3,907,2503.0,1.9176987
ACATGGTGAAGCCT-1,0,791,2165.0,1.2009238
ACATGGTGCAACCA-1,2,756,2147.0,2.7480206
ACATGGTGCGAGTT-1,0,771,2048.0,1.171875
ACATTCTGGCATAC-1,0,957,2850.0,1.6140351
ACATTCTGGGAACG-1,3,1190,3716.0,1.6684606
ACCAACGACATGCA-1,0,680,2115.0,1.4184396
ACCACAGAAAGTAG-1,0,524,1457.0,3.2258062
ACCACAGAGTTGGT-1,0,908,2860.0,1.2237762
ACCACCTGTGTGCA-1,0,506,1177.0,1.6992353
ACCACGCTACAGCT-1,0,851,2532.0,1.6192732
ACCACGCTACCCAA-1,1,775,1936.0,2.479339
ACCACGCTGCGAGA-1,0,793,1979.0,2.3749368
ACCACGCTGCTGTA-1,0,748,2009.0,3.5838728
ACCAGCCTGACAGG-1,0,951,2569.0,1.4791747
ACCAGTGAACGGTT-1,2,643,1730.0,3.352601
ACCAGTGAATACCG-1,3,1277,3871.0,3.2033067
ACCAGTGAGGGATG-1,0,828,2445.0,0.89979553
ACCAGTGATGACTG-1,3,480,1223.0,2.780049
ACCATTACCTTCTA-1,0,969,3415.0,1.9033674
ACCATTACGAGATA-1,0,1112,2712.0,0.7743363
ACCATTTGTCATTC-1,0,648,1647.0,2.003643
ACCCAAGAACTGTG-1,1,805,1704.0,2.112676
ACCCAAGAATTCCT-1,3,1223,3563.0,1.4875106
ACCCAAGAGGACAG-1,0,1023,2976.0,1.108871
ACCCAAGATTCACT-1,2,669,1976.0,2.8846154
ACCCACTGCGCCTT-1,3,489,986.0,2.7383366
ACCCACTGGACAGG-1,0,390,863.0,2.433372
ACCCACTGGTTCAG-1,5,350,568.0,1.2323943
ACCCACTGTCGTAG-1,3,1113,2874.0,3.131524
ACCCAGCTCAGAAA-1,0,837,2389.0,1.8836333
ACCCAGCTGTTAGC-1,3,1547,5535.0,2.0596206
ACCCAGCTTGCTTT-1,0,840,2495.0,0.4408818
ACCCGTTGATGACC-1,2,581,1508.0,2.917772
ACCCGTTGCTGCAA-1,0,748,2158.0,0.74142724
ACCCGTTGCTTCTA-1,4,1861,6092.0,1.4281024
ACCCTCGACCTATT-1,0,735,1727.0,2.2003474
ACCCTCGACGGTAT-1,2,488,1245.0,1.8473896
ACCCTCGATAAGGA-1,3,1016,2847.0,2.634352
ACCCTCGATCAAGC-1,3,585,1444.0,2.8393352
ACCGTGCTACCAGT-1,0,797,1938.0,1.5479876
ACCGTGCTGGAACG-1,2,769,1909.0,2.200105
ACCTATTGCTGAGT-1,2,490,1190.0,2.605042
ACCTATTGTGCCCT-1,3,1307,4060.0,2.7586207
ACCTCCGAGTCCTC-1,0,895,2426.0,1.071723
ACCTCCGATATGCG-1,0,686,1789.0,2.571269
ACCTCCGATGCTGA-1,0,602,1789.0,2.291783
ACCTCGTGAACCAC-1,1,772,1969.0,2.996445
ACCTGAGATATCGG-1,3,704,1524.0,3.7401576
ACCTGGCTAAGTAG-1,1,892,1870.0,2.8877006
ACCTTTGACTCCCA-1,3,1169,3056.0,2.225131
ACCTTTGAGGAACG-1,3,1375,4145.0,3.305187
ACCTTTGAGGAAGC-1,3,1189,3696.0,1.7045455
ACGAACACCTTGTT-1,1,892,1736.0,1.3248848
ACGAACTGGCTATG-1,5,2455,8931.0,1.5675737
ACGAAGCTCTCCAC-1,0,355,796.0,1.0050251
ACGAAGCTCTGAGT-1,2,1856,7067.0,3.339465
ACGACCCTATCTCT-1,3,1317,4077.0,2.0603385
ACGACCCTGATGAA-1,0,703,2014.0,3.0287986
ACGACCCTTGACAC-1,2,825,2795.0,1.6457961
ACGACCCTTGACCA-1,0,736,2314.0,2.7225585
ACGAGGGACAGGAG-1,4,1997,7935.0,1.4618778
ACGAGGGACGAACT-1,0,892,2762.0,2.4981897
ACGAGGGATGTAGC-1,0,1034,3053.0,2.3910909
ACGAGTACCCTAAG-1,2,545,1261.0,1.8239492
ACGAGTACGAATCC-1,2,1188,3621.0,1.5741508
ACGATCGAGGACTT-1,1,659,1607.0,0.9334163
ACGATCGAGTCACA-1,3,1056,3066.0,1.989563
ACGATGACAATGCC-1,0,819,2246.0,2.0480855
ACGATGACTGGTCA-1,0,979,2634.0,1.8223236
ACGATTCTACGGGA-1,1,632,1606.0,3.4246576
ACGCAATGGTTCAG-1,1,598,1227.0,2.607987
ACGCACCTGTTAGC-1,2,690,1687.0,2.1339657
ACGCCACTGAACTC-1,3,310,602.0,0.0
ACGCCGGAAACCAC-1,3,803,2243.0,2.2737405
ACGCCGGAAAGCCT-1,0,743,2145.0,0.88578093
ACGCCGGAAATGCC-1,0,560,1102.0,2.2686026
ACGCCTTGCTCCCA-1,3,1073,2774.0,3.0281181
ACGCGGTGGCGAGA-1,0,844,2432.0,2.055921
ACGCGGTGTGTGGT-1,2,882,2604.0,2.265745
ACGCGGTGTTTGCT-1,1,841,2145.0,1.6317016
ACGCTCACAGTACC-1,0,815,2367.0,2.7038445
ACGCTCACCCTTGC-1,0,771,2165.0,2.3094687
ACGCTGCTGTTCTT-1,1,976,1956.0,1.0736196
ACGGAACTCAGATC-1,1,986,2155.0,1.8561485
ACGGAACTGTCGTA-1,3,820,2153.0,3.9015326
ACGGAGGACTCTTA-1,3,957,2614.0,2.8691661
ACGGATTGGGAGGT-1,2,640,1655.0,2.7794561
ACGGATTGGTTAGC-1,0,1012,3068.0,1.8252933
ACGGCTCTGAGCAG-1,0,927,2389.0,2.511511
ACGGCTCTTGCACA-1,0,794,2535.0,1.8934911
ACGGTAACCGCTAA-1,0,753,1867.0,2.6780932
ACGGTAACCTTCGC-1,1,791,1944.0,2.3148148
ACGGTAACGGTGGA-1,0,366,811.0,4.192355
ACGGTAACTCGCAA-1,1,539,1213.0,2.2258863
ACGGTATGAGTCGT-1,3,752,1764.0,2.4376416
ACGGTATGGGTATC-1,2,769,2149.0,3.8157284
ACGGTATGGTTGTG-1,2,650,1947.0,2.259887
ACGGTCCTAACGGG-1,0,947,2197.0,1.3654984
ACGGTCCTCGGGAA-1,0,771,2254.0,2.3513753
ACGTAGACAACCAC-1,0,824,2028.0,0.9861933
ACGTAGACTACAGC-1,2,744,1829.0,1.7495898
ACGTCAGAAACGAA-1,0,837,2167.0,2.1688972
ACGTCAGAGAGCTT-1,3,723,1911.0,2.4071167
ACGTCAGAGGGATG-1,0,640,1541.0,1.4925373
ACGTCCTGATAAGG-1,3,923,2627.0,3.5020936
ACGTCCTGTGAACC-1,3,1174,3303.0,2.4220405
ACGTCGCTCCTGAA-1,1,1597,3932.0,1.8565615
ACGTCGCTCTATTC-1,3,699,1585.0,3.40694
ACGTCGCTTCTCAT-1,2,618,1602.0,2.496879
ACGTGATGCCATGA-1,4,1418,5441.0,2.6281934
ACGTGATGGGTCTA-1,0,820,2638.0,1.8953754
ACGTGATGTAACCG-1,3,1047,2976.0,1.5456989
ACGTGATGTGACAC-1,1,981,2135.0,3.1850119
ACGTGCCTCCGTAA-1,0,866,2177.0,1.3780432
ACGTGCCTTCTATC-1,1,527,1081.0,3.7002776
ACGTTACTTTCCAT-1,0,762,1968.0,1.6260161
ACGTTGGAAAAGCA-1,0,717,2187.0,1.9204389
ACGTTGGAAACCTG-1,1,860,2217.0,4.014434
ACGTTGGACCGTAA-1,3,603,1383.0,2.4584239
ACGTTGGAGCCAAT-1,1,828,1780.0,2.247191
ACGTTGGATATGGC-1,2,476,1052.0,1.2357415
ACGTTGGATCAGGT-1,3,1071,2801.0,1.4994645
ACGTTTACATCAGC-1,0,775,2368.0,1.5625
ACTAAAACCCACAA-1,0,614,1268.0,1.4195584
ACTAAAACTCGACA-1,3,913,2584.0,2.0897834
ACTACGGAATTTCC-1,0,836,2188.0,1.9195613
ACTACGGACCTATT-1,0,669,1804.0,2.660754
ACTACGGATCGCTC-1,0,942,2471.0,1.3759611
ACTACTACTAAGGA-1,0,792,2339.0,2.3941855
ACTAGGTGGAACCT-1,1,871,1980.0,1.3636364
ACTAGGTGGAACTC-1,0,1046,3531.0,1.6992353
ACTATCACCTTGGA-1,1,859,2050.0,3.0731707
ACTATCACTGCCAA-1,0,793,2222.0,1.6651666
ACTCAGGACTGAAC-1,0,822,2160.0,0.5555556
ACTCAGGATCTATC-1,2,751,1870.0,1.4973263
ACTCAGGATTCGTT-1,3,435,1009.0,1.9821604
ACTCCTCTCAACTG-1,0,1142,3267.0,2.0814202
ACTCGCACGAAAGT-1,3,781,1824.0,1.6447369
ACTCGCACTACGAC-1,3,718,1872.0,1.1217949
ACTCTCCTGACACT-1,0,471,1237.0,2.9102669
ACTCTCCTGCATAC-1,0,1750,5861.0,1.7403175
ACTCTCCTGTTTGG-1,0,892,2755.0,1.923775
ACTGAGACAACCAC-1,1,841,1944.0,3.549383
ACTGAGACCCATAG-1,3,1156,3635.0,1.7881706
ACTGAGACGTTGGT-1,2,1031,3991.0,1.7539464
ACTGCCACACACGT-1,1,912,2120.0,1.6037736
ACTGCCACTCCGTC-1,1,873,1739.0,4.082806
ACTGGCCTTCAGTG-1,1,824,1656.0,2.0531402
ACTGTGGACGTGTA-1,1,1233,3185.0,2.1036108
ACTGTGGATCTAGG-1,2,1312,4412.0,2.2892113
ACTGTTACCCACAA-1,3,575,1262.0,3.2488115
ACTGTTACTGCAGT-1,0,605,1658.0,2.291918
ACTTAAGAACCACA-1,0,717,2297.0,2.2638223
ACTTAAGATTACTC-1,4,1019,2822.0,2.8703046
ACTTAGCTGCGTAT-1,3,1215,3267.0,1.5610652
ACTTAGCTGGGAGT-1,0,928,2502.0,0.91926455
ACTTCAACAAGCAA-1,0,1780,5419.0,3.0817494
ACTTCAACGTAGGG-1,1,657,1259.0,1.1119937
ACTTCCCTTTCCGC-1,0,718,2072.0,1.3030888
ACTTCTGACATGCA-1,2,646,1655.0,4.3504534
ACTTGACTCCACAA-1,2,808,1999.0,1.6008005
ACTTGGGAGAAAGT-1,3,1120,3624.0,2.897351
ACTTGGGAGGTTTG-1,0,750,1645.0,1.762918
ACTTGGGATGTGAC-1,3,390,792.0,0.12626262
ACTTGGGATTGACG-1,3,1100,3111.0,2.3465123
ACTTGTACCTGTCC-1,0,456,1149.0,1.2184508
ACTTTGTGGAAAGT-1,0,755,2368.0,1.1402026
ACTTTGTGGATAGA-1,3,1118,3145.0,1.3990461
AGAAACGAAAGTAG-1,2,571,1430.0,2.867133
AGAAAGTGCGCAAT-1,0,867,3021.0,2.019199
AGAAAGTGGGGATG-1,3,728,1968.0,1.6260161
AGAACAGAAATGCC-1,1,916,1879.0,1.7030336
AGAACAGACGACTA-1,2,491,981.0,2.54842
AGAACAGAGACAAA-1,0,960,3002.0,1.7321786
AGAACGCTTTGCTT-1,0,625,1763.0,2.1554167
AGAAGATGTGACTG-1,0,1090,3604.0,0.9988901
AGAATGGAAGAAGT-1,1,772,2052.0,1.0233918
AGAATTTGTAACCG-1,0,968,3259.0,1.0739491
AGAATTTGTAGAGA-1,0,480,1428.0,4.131653
AGACACACTGTAGC-1,0,810,2229.0,1.3010318
AGACACTGTCAAGC-1,3,725,1944.0,1.6975307
AGACCTGAAGTAGA-1,3,1016,2595.0,2.0423894
AGACCTGACCAACA-1,0,1011,2999.0,2.967656
AGACCTGAGGAAGC-1,1,1075,2875.0,1.8782609
AGACGTACAGAGGC-1,0,808,2193.0,1.2767898
AGACGTACCCCTAC-1,2,672,1517.0,3.09822
AGACGTACCTCTTA-1,3,950,2886.0,4.192654
AGACGTACTCGTGA-1,3,862,2242.0,4.1480823
AGACTGACCATCAG-1,1,766,1895.0,3.4300792
AGACTGACCCTTTA-1,0,963,2911.0,2.713844
AGACTTCTCATGCA-1,2,507,1302.0,2.8417819
AGAGATGACAGTCA-1,2,570,1340.0,3.2089553
AGAGATGACTGAAC-1,0,678,1974.0,2.3809524
AGAGATGAGGTTTG-1,3,768,2060.0,2.8640776
AGAGATGATCTCGC-1,2,1037,3371.0,3.6487687
AGAGATGATTGTGG-1,0,885,2339.0,1.5818726
AGAGCGGAGGCAAG-1,3,1426,5230.0,1.3575526
AGAGTCTGGTCGTA-1,3,1496,4469.0,3.557843
AGAGTGCTCAGCTA-1,0,587,1566.0,1.9157088
AGAGTGCTCGAATC-1,0,879,2532.0,1.9747235
AGAGTGCTGTCATG-1,0,924,3580.0,1.5083799
AGAGTGCTGTCCTC-1,1,783,1944.0,2.1090536
AGAGTGCTGTGTTG-1,2,696,1635.0,3.24159
AGATATACCCGTAA-1,1,1057,2260.0,1.5044248
AGATATACGATGAA-1,0,783,2386.0,4.8197823
AGATATACTGTTCT-1,2,867,2358.0,1.187447
AGATATTGCCTACC-1,1,919,2395.0,1.0020877
AGATATTGGCCAAT-1,3,1251,4076.0,1.4474976
AGATCGTGTCTGGA-1,3,1023,2988.0,1.171352
AGATCGTGTTTGTC-1,2,727,1844.0,1.1930586
AGATCTCTATCACG-1,2,645,1501.0,2.7315123
AGATTAACGTTCTT-1,3,1217,3876.0,2.3219814
AGATTCCTATCGTG-1,0,929,2499.0,0.8403362
AGATTCCTCACTTT-1,3,792,2200.0,2.7272727
AGATTCCTGACGAG-1,3,994,2736.0,2.595029
AGATTCCTGTTCAG-1,1,1025,2318.0,3.1924074
AGCAAAGATATGCG-1,0,946,2434.0,2.259655
AGCACAACAGTCTG-1,0,600,1625.0,2.0923076
AGCACTGAGGGAGT-1,0,881,2621.0,0.915681
AGCACTGATATGCG-1,0,975,2297.0,0.91423595
AGCACTGATGCTTT-1,4,1609,5153.0,2.1928973
AGCACTGATTGCGA-1,0,758,2158.0,1.8535681
AGCATCGAAGATCC-1,0,772,1726.0,2.3754346
AGCATCGAAGGGTG-1,2,682,2172.0,1.6574585
AGCATCGAGCTTCC-1,3,998,2587.0,3.942791
AGCATCGAGTGAGG-1,0,979,2979.0,1.7455522
AGCATCGATAACCG-1,3,1045,2780.0,1.3669065
AGCATGACGATGAA-1,1,706,1870.0,2.0855615
AGCCAATGGGGAGT-1,3,808,1876.0,1.5991472
AGCCAATGTATCTC-1,0,855,2617.0,1.7959496
AGCCACCTGGATCT-1,1,819,1983.0,2.2188604
AGCCGGTGCCAATG-1,0,1147,3729.0,1.0726736
AGCCGGTGTGTTTC-1,0,742,2196.0,1.4571949
AGCCGTCTCAATCG-1,0,914,2919.0,4.2822886
AGCCGTCTGAGAGC-1,0,969,3005.0,2.5956738
AGCCTCACGTTCGA-1,0,704,2157.0,1.6689847
AGCCTCACTGTCAG-1,3,1398,4816.0,1.4119601
AGCCTCTGCAGTTG-1,2,581,1473.0,2.5118806
AGCCTCTGCCAATG-1,1,809,1679.0,1.6676594
AGCGAACTGGATCT-1,0,921,3139.0,2.6760113
AGCGAACTTACTGG-1,0,805,2117.0,1.4170997
AGCGATACGGAGCA-1,0,542,1590.0,1.9496856
AGCGATTGAGATCC-1,1,888,1919.0,2.1886399
AGCGCCGAATCTCT-1,0,519,1279.0,1.2509774
AGCGCCGACAGAGG-1,0,1092,2678.0,1.6430172
AGCGCTCTACCTTT-1,0,762,1767.0,1.4714205
AGCGGCACCGGGAA-1,0,698,2103.0,1.616738
AGCGGCTGATGTGC-1,0,752,2269.0,1.6306744
AGCGGGCTTGCCAA-1,0,771,2244.0,1.5151515
AGCGTAACATGCTG-1,0,899,2424.0,1.938944
AGCGTAACTGAGAA-1,3,1101,3081.0,1.9798766
AGCTCGCTACTGGT-1,0,760,2531.0,2.094034
AGCTCGCTCTGCTC-1,0,881,2673.0,1.4590348
AGCTGAACCATACG-1,3,1124,3218.0,3.7600994
AGCTGAACCTCTCG-1,0,809,2320.0,1.8965518
AGCTGCCTTGGGAG-1,3,445,1037.0,4.4358726
AGCTGCCTTTCATC-1,0,1703,5212.0,2.95472
AGCTGCCTTTCTGT-1,0,789,2282.0,2.0595968
AGCTGTGATCCAAG-1,0,641,1551.0,3.6105738
AGCTTTACAAGTAG-1,0,819,2261.0,1.6364441
AGCTTTACACCAAC-1,1,890,2114.0,3.1220436
AGCTTTACTCTCAT-1,2,767,2570.0,1.5953308
AGGAAATGAGGAGC-1,1,806,1880.0,0.69148934
AGGAACCTCTTAGG-1,3,1323,3844.0,2.9396462
AGGAACCTTGCCTC-1,1,942,2188.0,1.8738574
AGGAATGATAACGC-1,0,807,1975.0,2.7848103
AGGAATGATTTGTC-1,0,981,2648.0,1.3217523
AGGAGTCTGGTTTG-1,0,888,2508.0,2.3923445
AGGAGTCTTGTCAG-1,0,726,1978.0,1.6177958
AGGATAGACATTTC-1,0,1190,4146.0,1.1095031
AGGATAGAGGATTC-1,1,826,1963.0,1.0697912
AGGATGCTACTAGC-1,2,661,1805.0,1.1634349
AGGATGCTTTAGGC-1,1,713,1401.0,2.2127054
AGGCAACTGAAGGC-1,0,816,2698.0,2.779837
AGGCAGGAGTACCA-1,1,822,2152.0,3.7639406
AGGCCTCTAGTCGT-1,0,806,2264.0,0.79505306
AGGCCTCTCGGAGA-1,0,864,2388.0,2.0519261
AGGCCTCTCGTAAC-1,0,464,1205.0,0.66390043
AGGGACGACGTTGA-1,0,664,1857.0,2.1540117
AGGGACGAGTCAAC-1,1,931,1957.0,1.5329586
AGGGACGAGTTGTG-1,0,860,2746.0,1.3109978
AGGGACGATAGAGA-1,1,674,1722.0,3.8908248
AGGGACGATGCATG-1,1,803,1783.0,1.0656197
AGGGAGTGAGCCTA-1,0,464,997.0,0.8024072
AGGGCCACCATACG-1,0,788,2047.0,1.6121153
AGGGCGCTAACCAC-1,3,1068,3558.0,2.445194
AGGGCGCTATGGTC-1,0,781,1609.0,4.474829
AGGGTGGACAGTCA-1,2,843,2229.0,2.4674742
AGGGTGGACTCAAG-1,3,779,2072.0,2.123552
AGGGTGGAGTTGCA-1,1,873,2253.0,1.8197957
AGGGTTTGTTCATC-1,3,707,1795.0,2.172702
AGGTCATGAGTGTC-1,2,492,925.0,3.2432432
AGGTCATGCTTATC-1,1,669,1588.0,2.0151134
AGGTCTGATTCTCA-1,3,982,2731.0,2.0871475
AGGTGGGAAGAATG-1,0,749,2033.0,1.4756517
AGGTGGGAAGTTCG-1,0,789,2474.0,1.3742926
AGGTGTTGGTTACG-1,2,780,2090.0,1.2918661
AGGTTCGAACCTCC-1,3,561,1346.0,1.857355
AGGTTCGAACGTAC-1,3,655,1592.0,1.4447236
AGGTTCGAGGGTGA-1,0,432,1155.0,2.3376622
AGTAAGGAGTTTGG-1,0,801,1928.0,1.6597512
AGTAAGGATTCTTG-1,0,945,2894.0,0.967519
AGTAATACATCACG-1,1,770,1832.0,2.3471615
AGTAATACCGAACT-1,2,503,1236.0,2.5080907
AGTAATTGTCCCAC-1,0,766,1892.0,1.4799154
AGTACGTGAGGGTG-1,0,776,2386.0,1.6345348
AGTACGTGCTGCAA-1,0,970,3001.0,1.2662446
AGTACGTGCTTGGA-1,0,989,3506.0,1.2264689
AGTACTCTACGTGT-1,2,654,1604.0,1.8703243
AGTACTCTCAACCA-1,1,762,1766.0,4.869762
AGTACTCTCGGTAT-1,0,882,2063.0,1.5511391
AGTAGGCTTGCCTC-1,3,1236,3561.0,2.780118
AGTATAACTTGTCT-1,3,1499,4455.0,3.2098765
AGTATCCTAGAACA-1,0,626,1826.0,0.87623227
AGTCACGATGAGCT-1,1,1380,3719.0,1.4520032
AGTCAGACGAATAG-1,0,1170,3305.0,1.6641452
AGTCAGACGCTTAG-1,0,491,1011.0,3.1651828
AGTCAGACTAGAGA-1,1,833,1994.0,1.9057171
AGTCAGACTGCACA-1,0,924,2820.0,1.4893618
AGTCCAGATATCTC-1,0,581,1746.0,1.9473082
AGTCCAGATTTCAC-1,0,842,2095.0,1.575179
AGTCGAACCAACCA-1,0,596,1547.0,2.3270848
AGTCGCCTCCGTAA-1,0,811,2231.0,0.76199013
AGTCTACTAGGGTG-1,3,542,1192.0,0.9228188
AGTCTACTTGCATG-1,3,1572,5204.0,3.324366
AGTCTTACACCACA-1,0,758,2425.0,1.8556701
AGTCTTACTTCGCC-1,1,854,2129.0,3.5697513
AGTCTTACTTCGGA-1,5,274,664.0,0.75301206
AGTGACTGCAACTG-1,3,1413,4697.0,3.087077
AGTGTTCTAACCTG-1,0,872,2858.0,0.9447166
AGTGTTCTATAAGG-1,0,559,1309.0,2.2918258
AGTGTTCTCACTTT-1,3,907,2772.0,1.2265513
AGTTAAACCACTTT-1,0,951,3024.0,2.7116404
AGTTATGAACAGTC-1,3,1175,3624.0,1.6280353
AGTTATGACTGAGT-1,0,946,2087.0,0.574988
AGTTATGAGTTCAG-1,0,905,2863.0,2.9339855
AGTTCTACCAGCTA-1,3,737,1632.0,2.4509804
AGTTCTTGAAGCCT-1,1,604,1279.0,2.814699
AGTTGTCTACTACG-1,0,843,2879.0,1.9451199
AGTTTAGATGGTCA-1,0,606,1395.0,2.4372761
AGTTTCACGGTCTA-1,1,1079,2520.0,1.1507937
AGTTTGCTACAGTC-1,0,668,2092.0,1.7686424
AGTTTGCTACTGGT-1,1,785,1942.0,3.347065
AGTTTGCTCCAAGT-1,0,726,2050.0,0.5365854
ATAAACACAGTGCT-1,2,978,2500.0,1.84
ATAAACACCACCAA-1,0,941,2918.0,3.6668952
ATAACAACATGCTG-1,3,994,2231.0,3.0479605
ATAACAACGTCTAG-1,0,655,1672.0,2.8708134
ATAACAACTTTGTC-1,0,1013,3132.0,2.330779
ATAACATGTACTCT-1,0,987,2776.0,1.4409221
ATAACCCTGTTGGT-1,0,591,1638.0,3.052503
ATAACCCTTGGTAC-1,0,1041,2949.0,0.61037636
ATAAGTACGAATGA-1,2,625,1562.0,1.6645327
ATAAGTTGGTACGT-1,3,582,1355.0,2.4354243
ATAAGTTGTCTAGG-1,0,814,2338.0,3.4644995
ATAATCGAGCTGAT-1,2,570,1386.0,1.9480519
ATAATCGATGGTTG-1,0,775,2348.0,0.5536627
ATAATGACCTACTT-1,0,822,2215.0,1.2189616
ATAATGACTCGTGA-1,3,715,1843.0,2.55019
ATACAATGTTAGGC-1,0,738,2148.0,1.6759777
ATACCACTCGTACA-1,3,956,2896.0,2.0718231
ATACCACTCTAAGC-1,4,1178,4138.0,2.4166265
ATACCACTGCCAAT-1,1,743,1580.0,3.3544302
ATACCGGAATGCTG-1,4,1861,6582.0,2.2941356
ATACCGGACATTTC-1,3,841,2213.0,1.8978761
ATACCGGACTTCGC-1,0,944,2694.0,2.2271714
ATACCGGAGGTGTT-1,3,783,2129.0,2.1606388
ATACCGGATCTCGC-1,0,643,1786.0,2.631579
ATACCTACGCATCA-1,0,924,2761.0,2.0282507
ATACCTTGGGGCAA-1,0,936,3678.0,1.3866231
ATACGGACAGACTC-1,3,431,877.0,4.1049027
ATACGGACCTACTT-1,3,490,1042.0,2.2072937
ATACGGACGAGGTG-1,2,532,1218.0,3.1198685
ATACGGACTATGCG-1,2,524,1474.0,2.1709633
ATACGGACTCTGGA-1,3,620,1470.0,3.4693878
ATACGTCTTAACGC-1,3,749,2011.0,4.525112
ATACTCTGCTTCGC-1,3,1334,4474.0,2.1680822
ATACTCTGGTATGC-1,1,834,1619.0,2.1618283
ATAGATACCATGGT-1,0,790,2183.0,1.8323408
ATAGATACGACGAG-1,0,702,2123.0,2.6848798
ATAGATTGGTGTAC-1,2,892,2749.0,2.0007274
ATAGCCGAACGGAG-1,0,693,2095.0,2.673031
ATAGCGTGCAGATC-1,0,784,2448.0,1.0620916
ATAGCGTGCCCTTG-1,3,944,3004.0,1.1318243
ATAGCGTGGTATCG-1,3,471,1069.0,1.7773621
ATAGCGTGTCTCTA-1,0,839,2273.0,1.8477783
ATAGCTCTCTGATG-1,0,529,1163.0,2.9234738
ATAGCTCTGAGGTG-1,0,729,1975.0,2.1265824
ATAGGAGAAACAGA-1,3,1084,3554.0,2.1947103
ATAGGCTGTCAGAC-1,0,802,2173.0,1.6566958
ATAGTCCTAGTGTC-1,3,886,2205.0,2.1315193
ATAGTCCTTGCATG-1,1,815,2055.0,0.7785888
ATAGTCCTTGTCGA-1,0,856,2662.0,1.1269722
ATAGTTGACAACTG-1,0,746,2184.0,1.6025642
ATAGTTGACCCTCA-1,3,1318,4273.0,1.872221
ATAGTTGAGACGTT-1,0,545,2030.0,3.004926
ATAGTTGATAAGCC-1,0,696,1870.0,1.657754
ATATACGAAGCCAT-1,0,872,2505.0,1.6367266
ATATACGAATTGGC-1,0,1154,3935.0,1.321474
ATATAGTGGAATGA-1,3,467,1062.0,2.9190207
ATATGCCTAGATCC-1,3,725,1910.0,2.041885
ATATGCCTGGACAG-1,0,1027,3509.0,2.1658592
ATATGCCTTCTCTA-1,0,479,1090.0,1.3761468
ATATGCCTTGGTAC-1,0,728,2021.0,1.7318159
ATCAAATGAGCCTA-1,3,926,2562.0,3.1225605
ATCAAATGGGTAAA-1,3,1282,4211.0,2.2797437
ATCAACCTAAACGA-1,0,907,2638.0,0.83396506
ATCAACCTGAGGAC-1,0,833,2312.0,2.7249136
ATCAACCTTCTCTA-1,1,1024,2505.0,2.9940119
ATCAACCTTTGTCT-1,1,838,2572.0,1.9051323
ATCACACTTTGTCT-1,0,900,2560.0,2.109375
ATCACGGATTTCGT-1,2,737,1792.0,2.1763394
ATCATCTGACACCA-1,5,367,737.0,0.6784261
ATCATGCTAGAGTA-1,1,459,850.0,3.4117646
ATCATGCTGAACCT-1,2,1030,3165.0,2.3380728
ATCCAGGACGCTAA-1,3,1279,3756.0,1.2513312
ATCCAGGATGGAAA-1,0,756,2128.0,1.268797
ATCCATACTCCTTA-1,3,662,1624.0,2.5246305
ATCCATACTTCATC-1,3,1323,3916.0,2.3748724
ATCCCGTGCAGTCA-1,1,1003,1996.0,1.9539078
ATCCCGTGCATGCA-1,2,359,776.0,2.8350515
ATCCCGTGGCTGAT-1,2,770,2155.0,1.8097447
ATCCGCACGCATCA-1,2,813,2341.0,2.0931225
ATCCTAACGACGGA-1,2,634,1776.0,3.65991
ATCCTAACGCTACA-1,0,924,2064.0,1.6957365
ATCGACGAAACTGC-1,3,1184,3308.0,1.1185006
ATCGACGAATGACC-1,0,901,2867.0,3.662365
ATCGAGTGGACGTT-1,1,816,1973.0,1.6725799
ATCGCAGAATCTCT-1,3,1421,4340.0,2.5576036
ATCGCAGAGTGTCA-1,2,771,2109.0,1.469891
ATCGCCACTGAGGG-1,1,706,1687.0,2.8452876
ATCGCCTGGGTCAT-1,0,953,2875.0,2.0173912
ATCGCCTGTGGCAT-1,2,348,756.0,1.7195767
ATCGCGCTCAGAGG-1,3,716,1842.0,3.3116176
ATCGCGCTGGGATG-1,0,870,2732.0,1.4641289
ATCGCGCTTTTCGT-1,2,715,1779.0,2.5857222
ATCGGAACCAGTCA-1,0,550,1199.0,0.9174312
ATCGGTGAGTCAAC-1,0,689,1885.0,1.6976128
ATCGGTGATTGCAG-1,0,947,2901.0,2.895553
ATCGTTTGCCTACC-1,3,1157,3404.0,2.2326674
ATCGTTTGGGTACT-1,3,690,1765.0,3.2861187
ATCGTTTGTGCCAA-1,3,383,737.0,1.899593
ATCTACACCCGCTT-1,3,374,754.0,1.7241379
ATCTACACCGGGAA-1,0,882,2454.0,0.73349637
ATCTCAACAGGAGC-1,2,697,1915.0,2.245431
ATCTCAACCTCGAA-1,0,246,609.0,0.0
ATCTCAACCTTGTT-1,3,833,2138.0,2.1047707
ATCTGGGAAACCAC-1,3,1006,2420.0,2.0661156
ATCTGGGAAGTGTC-1,3,1181,3477.0,1.7256256
ATCTGGGATTCCGC-1,0,974,2771.0,2.634428
ATCTGTTGAACGGG-1,0,856,2310.0,1.6017315
ATCTGTTGACCTCC-1,0,978,2713.0,1.4006635
ATCTGTTGCCTTCG-1,3,1551,5198.0,1.8083878
ATCTGTTGGTTGCA-1,0,965,2911.0,1.3053933
ATCTTGACACCAAC-1,0,907,2702.0,1.0362694
ATCTTGACCTCCCA-1,3,565,1399.0,3.1451035
ATCTTTCTGCATCA-1,0,417,877.0,1.482326
ATCTTTCTGTTTCT-1,1,907,2366.0,1.0143703
ATCTTTCTTGTCCC-1,1,927,1915.0,3.4986947
ATGAAACTCTGTGA-1,0,966,3205.0,1.123245
ATGAAACTGAGGCA-1,0,658,1973.0,2.2301066
ATGAAGGAACAGCT-1,1,727,1477.0,1.8280298
ATGAAGGACCTGTC-1,2,743,2047.0,3.7616022
ATGAAGGACCTTAT-1,2,381,859.0,2.444703
ATGAAGGACTAGTG-1,2,385,713.0,1.9635344
ATGAAGGACTTGCC-1,1,905,1800.0,1.5
ATGACGTGACGACT-1,2,645,1881.0,1.1695907
ATGACGTGATCGGT-1,3,1167,3623.0,3.615788
ATGAGAGAAAGTGA-1,0,936,2880.0,0.7291667
ATGAGAGAACGCAT-1,0,724,2350.0,1.106383
ATGAGAGAAGTAGA-1,2,618,1575.0,3.3650794
ATGAGCACACAGCT-1,0,1038,3387.0,1.9191024
ATGAGCACATCTTC-1,0,853,2599.0,1.1927664
ATGATAACTTCACT-1,1,808,1523.0,1.0505581
ATGATATGAAACAG-1,0,1403,4925.0,1.5837563
ATGATATGACTGGT-1,0,762,2343.0,2.0913358
ATGATATGAGCACT-1,0,741,2189.0,1.2334399
ATGATATGGTCATG-1,0,687,1768.0,1.6968327
ATGATATGGTGCTA-1,1,932,1978.0,2.7300303
ATGATATGTTGTCT-1,3,1096,2992.0,2.7072194
ATGCACGAATGTCG-1,2,601,1381.0,3.186097
ATGCACGACTGTAG-1,0,652,1479.0,1.6903313
ATGCACGAGAACCT-1,2,895,2624.0,1.3338414
ATGCACGAGTTCGA-1,0,682,1920.0,1.9791666
ATGCACGATTGGTG-1,3,1553,4856.0,1.9357495
ATGCAGTGTTACCT-1,2,604,1396.0,2.0773637
ATGCAGTGTTCTAC-1,0,823,2333.0,3.1290185
ATGCCAGAACGACT-1,0,803,2167.0,1.9843102
ATGCCAGACAGTCA-1,3,646,1323.0,2.87226
ATGCCGCTTGAACC-1,3,917,2463.0,2.72026
ATGCGATGCTATGG-1,3,942,2998.0,3.3355572
ATGCGATGCTGAGT-1,0,850,2543.0,1.5336218
ATGCGATGGTTACG-1,2,795,2230.0,1.3452915
ATGCGCCTTCATTC-1,0,771,2544.0,2.633648
ATGCTTTGCGAATC-1,0,949,2482.0,2.9411764
ATGCTTTGGGCGAA-1,1,516,1083.0,2.3084025
ATGCTTTGTAGTCG-1,2,664,1682.0,1.6052319
ATGGACACATCGGT-1,0,1001,3094.0,1.5190692
ATGGACACGCATCA-1,1,637,1025.0,2.7317073
ATGGGTACAACCTG-1,2,619,1348.0,2.818991
ATGGGTACATCGGT-1,1,907,1873.0,1.6550988
ATGGGTACTATTCC-1,0,961,2244.0,0.8912656
ATGGGTACTGGGAG-1,0,812,2458.0,1.5459723
ATGTAAACACCTCC-1,0,793,2157.0,1.761706
ATGTAAACCCGCTT-1,0,1043,2959.0,1.3518081
ATGTAAACGGGATG-1,4,1343,3961.0,3.5344608
ATGTAAACTCTCCG-1,0,1326,4770.0,2.620545
ATGTAAACTTCACT-1,3,981,2707.0,2.4381232
ATGTACCTCAGTCA-1,0,675,2078.0,2.454283
ATGTACCTTAGTCG-1,0,937,2214.0,0.40650403
ATGTACCTTTATCC-1,3,631,1536.0,2.6041665
ATGTACCTTTCACT-1,1,1026,2523.0,1.6250495
ATGTCACTAATGCC-1,3,1135,3558.0,1.9673973
ATGTCACTCTGCTC-1,0,499,1016.0,3.4448817
ATGTCGGAGGTGAG-1,0,948,2364.0,1.8612521
ATGTTCACAGTCTG-1,3,801,1918.0,1.9812305
ATGTTCACCGTAGT-1,0,848,2457.0,2.8490028
ATGTTGCTTTCAGG-1,0,741,2016.0,1.4384921
ATTAACGATGAGAA-1,1,604,1291.0,4.105345
ATTAACGATGCAAC-1,1,864,2026.0,1.2339586
ATTAAGACTGCAGT-1,0,1076,3366.0,1.7528223
ATTACCTGCCTTAT-1,3,1106,3536.0,1.5554298
ATTACCTGGAGGAC-1,3,1111,3449.0,0.985793
ATTAGATGTTTCAC-1,0,624,2061.0,1.4556041
ATTATGGAATCTCT-1,0,1008,2734.0,0.9144111
ATTCAAGAACGGGA-1,0,908,3045.0,2.1674876
ATTCAAGACCTTTA-1,0,815,1974.0,2.1276596
ATTCAGCTCATTGG-1,5,346,917.0,2.9443839
ATTCCAACCATTGG-1,3,1062,2895.0,3.1778927
ATTCCAACTTAGGC-1,1,803,1898.0,2.3182297
ATTCGACTCACTAG-1,0,749,1771.0,1.4680971
ATTCGACTGAATAG-1,3,779,2064.0,1.8410852
ATTCGACTTTTGTC-1,3,1027,2617.0,2.4073367
ATTCGGGAAAGGCG-1,3,1032,2999.0,2.0006669
ATTCGGGATTAGGC-1,0,1040,3252.0,0.7072571
ATTCTTCTGATACC-1,0,654,1722.0,2.0325203
ATTGAATGGACGGA-1,0,631,1530.0,2.6143792
ATTGATGAAGGTTC-1,0,755,2344.0,2.474403
ATTGATGACTGAGT-1,0,854,2793.0,1.396348
ATTGATGAGCGAAG-1,0,850,2290.0,1.5720524
ATTGATGATCTATC-1,0,798,2248.0,2.2686834
ATTGCACTGACGGA-1,0,864,3065.0,2.1533442
ATTGCACTGAGAGC-1,3,1078,2965.0,1.7200675
ATTGCACTGGAGCA-1,3,690,1621.0,2.5909932
ATTGCACTTAGCCA-1,0,864,2393.0,0.87755954
ATTGCACTTGCTTT-1,3,1523,4892.0,2.207686
ATTGCTTGTTACTC-1,2,838,2439.0,1.8860189
ATTGGTCTGACTAC-1,2,966,2507.0,2.273634
ATTGGTCTTGTCTT-1,2,389,752.0,1.3297873
ATTGTAGATTCCCG-1,4,1654,5503.0,2.307832
ATTGTAGATTGCAG-1,0,808,2589.0,2.7809966
ATTGTCTGCGTACA-1,0,885,2317.0,1.8990073
ATTTAGGAACCATG-1,3,1665,5680.0,2.8521125
ATTTAGGACAGAGG-1,0,920,2435.0,1.0677618
ATTTCCGAGATGAA-1,0,855,2449.0,4.532462
ATTTCCGAGTGCTA-1,0,807,1908.0,2.9874213
ATTTCGTGTATGGC-1,1,859,2244.0,2.094474
ATTTCTCTACTTTC-1,3,1276,4151.0,2.866779
ATTTCTCTAGCAAA-1,0,987,2441.0,1.351905
ATTTCTCTCACTTT-1,3,1079,3223.0,2.0477817
ATTTCTCTTCCCAC-1,0,678,1974.0,1.3677812
ATTTGCACAAGATG-1,3,626,1525.0,4.196721
CAAAGCACAGCTCA-1,0,831,2393.0,1.3372335
CAAAGCACCGTAAC-1,2,829,2347.0,1.7895185
CAAAGCACGGTAAA-1,1,1009,2138.0,1.4031805
CAAAGCTGAAAGTG-1,0,547,1234.0,3.160454
CAAAGCTGTTGCTT-1,3,893,2486.0,2.3732905
CAAATATGTGACAC-1,0,722,2407.0,2.368093
CAAATTGAGGGCAA-1,0,656,1988.0,1.9617707
CAAATTGATGGAGG-1,3,415,846.0,3.9007094
CAACCAGAAAAGTG-1,0,773,2237.0,2.5033526
CAACCAGAAGTGCT-1,0,1262,4328.0,2.564695
CAACCAGAGTTCAG-1,3,1218,3776.0,2.8866525
CAACCAGATAGAAG-1,3,365,739.0,1.8944521
CAACCGCTGTTCAG-1,0,661,1991.0,3.5660472
CAACCGCTTTGAGC-1,0,805,2299.0,2.3923445
CAACGATGCGCAAT-1,3,1409,4519.0,2.0579774
CAACGTGACTCCAC-1,3,1094,2999.0,2.9343116
CAACGTGAGCCATA-1,1,779,1667.0,1.2597481
CAACGTGATCAAGC-1,3,898,2365.0,2.1987314
CAAGAAGACCACAA-1,1,830,2021.0,3.6120732
CAAGAAGACGTCTC-1,3,1242,3488.0,2.3795872
CAAGAAGATTCTAC-1,0,864,2810.0,1.2811388
CAAGACTGACCTGA-1,2,576,1669.0,1.9173158
CAAGACTGAGTAGA-1,2,901,2612.0,1.7993875
CAAGCTGACCATAG-1,3,1274,3773.0,2.8624437
CAAGCTGATCTATC-1,1,852,1960.0,0.86734694
CAAGGACTGTTCAG-1,0,1006,3133.0,2.3619535
CAAGGACTTCTTTG-1,1,719,1688.0,3.4952607
CAAGGTTGCTCCAC-1,0,763,1896.0,1.7405063
CAAGGTTGTCATTC-1,2,683,1868.0,3.2655246
CAAGGTTGTCTGGA-1,1,957,2040.0,1.9117647
CAAGTCGAAACAGA-1,2,831,2294.0,4.751526
CAAGTCGATAGCGT-1,3,724,1724.0,3.364269
CAATAAACGCCATA-1,3,354,829.0,3.4981906
CAATAATGAACTGC-1,3,763,2255.0,3.1042128
CAATATGACATGGT-1,0,910,2766.0,2.7114966
CAATATGACCTTCG-1,1,749,1878.0,1.8104367
CAATATGACGTTAG-1,0,626,1691.0,3.2525134
CAATATGAGGAGCA-1,0,870,3037.0,1.284162
CAATCGGAGAAACA-1,0,795,2630.0,1.1406845
CAATCTACTGACTG-1,1,1078,2744.0,1.9314868
CAATTCACCCAACA-1,1,736,1845.0,3.0352304
CAATTCACGATAGA-1,0,835,2479.0,1.573215
CAATTCACTTGTGG-1,0,402,1032.0,1.7441862
CAATTCTGCTTGTT-1,3,1203,3343.0,2.3033204
CAATTCTGGCGTAT-1,3,699,1684.0,3.7410927
CACAACGATACGAC-1,0,755,2405.0,2.8690228
CACAATCTTGTTCT-1,0,697,1547.0,1.9392374
CACAATCTTTCCAT-1,1,1229,3853.0,2.5434728
CACACCTGCTTGAG-1,0,637,1594.0,1.0037642
CACACCTGTATGGC-1,0,666,1875.0,4.7466664
CACAGAACCCTTGC-1,2,846,2019.0,3.0212977
CACAGAACCTGATG-1,0,1036,2838.0,3.875969
CACAGATGGGATTC-1,0,1027,3230.0,1.9814242
CACAGATGGTTTCT-1,3,831,2090.0,1.5311005
CACAGCCTGATACC-1,0,999,2831.0,2.543271
CACAGCCTTGCCAA-1,3,942,2294.0,2.9206626
CACAGCCTTGTAGC-1,0,891,2555.0,1.448141
CACAGTGATGAAGA-1,3,1007,3016.0,2.7519894
CACATACTACAGCT-1,1,712,1854.0,1.5641855
CACATGGAACACGT-1,0,990,2962.0,1.249156
CACATGGAAGTCGT-1,0,725,2453.0,2.4459844
CACCACTGCCAACA-1,0,745,2259.0,2.0805666
CACCACTGGCGAAG-1,1,921,2221.0,1.4407924
CACCCATGTTCTGT-1,1,333,561.0,4.456328
CACCGGGAATCGAC-1,0,1042,2879.0,1.111497
CACCGGGACGAGAG-1,1,895,2588.0,2.0479136
CACCGGGACGTGTA-1,0,873,3096.0,1.8087854
CACCGGGACTTCTA-1,0,1612,4297.0,4.0958805
CACCGGGACTTGCC-1,1,724,1792.0,4.966518
CACCGGGATTCGGA-1,1,929,2329.0,3.6066983
CACCGTACTAAGGA-1,2,601,1657.0,2.4743512
CACCGTACTAGCGT-1,0,862,2715.0,2.0994475
CACCTGACACCCAA-1,1,908,2229.0,1.8393898
CACCTGACCAGAAA-1,0,658,1695.0,2.182891
CACCTGACCTCAAG-1,1,775,1929.0,2.1254535
CACCTGACGAAAGT-1,2,724,1807.0,1.3281683
CACCTGACTCGTAG-1,0,753,2118.0,2.6440036
CACGAAACTTCCGC-1,2,741,2111.0,1.705353
CACGACCTCGATAC-1,2,690,1766.0,2.1517553
CACGCTACAGAAGT-1,0,379,684.0,3.2163744
CACGCTACTGTTCT-1,2,608,1448.0,2.3480663
CACGGGACAGAGTA-1,0,927,2969.0,2.256652
CACGGGACATAAGG-1,0,777,2340.0,1.5811967
CACGGGACGTAGGG-1,0,969,2653.0,0.6784772
CACGGGTGCTTCGC-1,1,827,1790.0,1.2290503
CACGGGTGGAGGAC-1,1,709,1595.0,2.445141
CACGGGTGTGTTTC-1,0,385,897.0,1.0033444
CACTAACTCCTAAG-1,2,690,1605.0,1.8068535
CACTAACTGAAAGT-1,0,769,2280.0,1.1403508
CACTAGGATGATGC-1,2,554,1219.0,2.0508614
CACTATACCCCGTT-1,2,892,2570.0,1.4396887
CACTATACGTTTGG-1,1,761,1840.0,2.771739
CACTGAGACAGTCA-1,3,367,727.0,3.8514442
CACTGCACTTCATC-1,0,731,1917.0,2.4517474
CACTGCTGAGACTC-1,3,1103,3139.0,2.3255813
CACTGCTGGAAAGT-1,0,944,3108.0,1.8661519
CACTTAACCGAATC-1,0,832,2253.0,4.837994
CACTTAACCGTACA-1,2,675,1522.0,2.6938238
CACTTTGACTCTAT-1,1,652,1552.0,2.1907215
CACTTTGAGCTGTA-1,1,418,802.0,1.4962593
CAGAAGCTCTCAAG-1,0,727,2256.0,1.7730497
CAGACATGAACGGG-1,0,745,2327.0,1.2892135
CAGACATGTCGACA-1,0,872,2519.0,1.905518
CAGACCCTAAGGTA-1,3,1336,4166.0,2.9764762
CAGACCCTAATGCC-1,0,863,2292.0,4.886562
CAGACCCTAGGAGC-1,0,934,2716.0,2.1723123
CAGACTGAGTATGC-1,0,844,2712.0,2.0280237
CAGATCGAATGTCG-1,2,721,2192.0,4.379562
CAGATCGACCTGAA-1,1,432,921.0,3.4744844
CAGATCGATATGGC-1,0,782,2546.0,0.9819324
CAGATGACATTCTC-1,1,1006,2047.0,2.6380067
CAGCAATGCCTTCG-1,0,834,2564.0,1.4820592
CAGCAATGGAGGGT-1,1,840,1698.0,1.8256773
CAGCAATGGTGCTA-1,0,840,2290.0,1.5720524
CAGCAATGTCTACT-1,3,819,2374.0,2.653749
CAGCAATGTGACCA-1,0,699,1911.0,1.1512297
CAGCAATGTGAGGG-1,3,489,1078.0,2.4118738
CAGCACCTAAGCCT-1,0,665,1808.0,2.3783185
CAGCACCTAGGCGA-1,0,576,1447.0,2.349689
CAGCACCTGTAGGG-1,3,1291,3872.0,2.9183886
CAGCATGACAACCA-1,3,1102,3218.0,3.1696706
CAGCATGAGACGTT-1,1,826,2157.0,4.0797405
CAGCCTACCCAACA-1,0,880,2802.0,0.8922199
CAGCCTTGCTACCC-1,3,738,1842.0,2.605863
CAGCCTTGGGGACA-1,0,904,2662.0,0.97670925
CAGCGGACACCCTC-1,0,686,1885.0,2.3342175
CAGCGGACCTTTAC-1,1,874,2174.0,2.529899
CAGCGTCTAAAGCA-1,0,887,2929.0,2.5947423
CAGCGTCTTATCGG-1,0,873,2532.0,3.8704581
CAGCTAGATGTGAC-1,3,560,1263.0,4.1963577
CAGCTCTGAGGCGA-1,0,766,1959.0,1.123022
CAGCTCTGCAAGCT-1,1,710,1570.0,1.1464968
CAGCTCTGTCGTAG-1,3,1135,3302.0,2.2713506
CAGCTCTGTGTGGT-1,1,1054,2170.0,1.843318
CAGGAACTAACTGC-1,1,805,2077.0,2.407318
CAGGAACTCTCAGA-1,3,724,1752.0,1.5981736
CAGGCCGAACACCA-1,0,973,2694.0,2.1158128
CAGGCCGAACACGT-1,0,1201,3917.0,1.0977789
CAGGCCGAACGACT-1,0,575,1194.0,2.7638192
CAGGCCGAATCTCT-1,3,838,2444.0,1.2684125
CAGGCCGACTAGCA-1,2,865,2346.0,2.4296675
CAGGGCACCATACG-1,2,546,1318.0,2.8072839
CAGGGCACCCAACA-1,0,811,2241.0,2.2757697
CAGGGCACTCCCGT-1,0,884,2293.0,1.2211077
CAGGTAACAGACTC-1,3,886,2472.0,2.10356
CAGGTATGAGTCGT-1,0,791,2135.0,1.3583138
CAGGTATGTGCTTT-1,0,1026,2710.0,1.8450184
CAGGTTGAGGATCT-1,2,2000,8015.0,2.694947
CAGTGATGGACGGA-1,2,644,1530.0,1.2418301
CAGTGATGGCTAAC-1,1,763,1549.0,3.0342157
CAGTGATGGGACAG-1,0,969,3339.0,2.6355195
CAGTGATGTAAGGA-1,2,800,2269.0,1.7188189
CAGTGATGTACGCA-1,0,359,1015.0,3.1527095
CAGTGTGATGTCAG-1,0,624,2050.0,1.4634147
CAGTTACTAAGGTA-1,2,993,2856.0,2.8011205
CAGTTACTGATAGA-1,0,800,2192.0,1.5510949
CAGTTGGAAAGAGT-1,3,1167,3688.0,1.5997831
CAGTTGGACATACG-1,0,833,2445.0,1.7995911
CAGTTTACACACGT-1,1,1871,5346.0,1.3093902
CAGTTTACCCCAAA-1,0,616,1940.0,2.0103092
CATAAAACGGAGCA-1,3,822,2351.0,3.3602722
CATAAATGAACTGC-1,0,647,2063.0,2.7144935
CATAACCTTCTCCG-1,0,1000,3062.0,1.077727
CATACTACCTCGAA-1,0,618,1778.0,1.743532
CATACTACCTGAAC-1,0,734,2431.0,0.6993007
CATACTACGTACCA-1,3,618,1618.0,0.98887515
CATACTTGGGTTAC-1,3,1938,7171.0,2.3567145
CATAGTCTAATCGC-1,0,861,2913.0,1.8194301
CATAGTCTCACTTT-1,0,945,2713.0,3.649097
CATATAGACTAAGC-1,4,1032,2929.0,1.6387846
CATATAGATCAGGT-1,2,723,1871.0,2.4585783
CATCAACTAGAAGT-1,0,984,3378.0,1.8946122
CATCAACTCCCTCA-1,0,994,3673.0,0.73509395
CATCAGGACTTCCG-1,1,771,1528.0,2.552356
CATCAGGATAGCCA-1,1,738,1501.0,1.8654231
CATCAGGATCCTAT-1,3,1583,5282.0,2.4233243
CATCAGGATGCACA-1,3,1113,3139.0,2.9627268
CATCAGGATTTCGT-1,3,614,1400.0,4.142857
CATCATACCGCATA-1,3,1146,3302.0,1.6353724
CATCATACGGAGCA-1,2,615,1486.0,3.230148
CATCATACTCAAGC-1,0,848,2456.0,1.5879478
CATCGCTGGGATCT-1,0,983,2801.0,1.9635845
CATCGCTGTGGCAT-1,2,677,1963.0,1.1207336
CATCGGCTATGCTG-1,0,972,3317.0,1.0853181
CATCGGCTTTGGCA-1,0,791,2501.0,2.2790883
CATCTCCTATGTGC-1,2,827,2009.0,2.6381283
CATCTCCTCGAACT-1,3,804,1858.0,2.4219592
CATGAGACACGGGA-1,2,395,748.0,3.7433155
CATGAGACGTTGAC-1,1,843,1760.0,3.4659092
CATGAGACTCGCCT-1,0,493,1155.0,0.43290043
CATGCCACGGGTGA-1,0,741,2421.0,3.7587774
CATGCCACTGCCAA-1,0,941,2396.0,2.54591
CATGCGCTAGTCAC-1,3,1659,5344.0,2.3952098
CATGCGCTCAGATC-1,3,742,2056.0,2.8210115
CATGCGCTTTGCAG-1,3,1517,4792.0,1.7946577
CATGGCCTAGGGTG-1,3,559,1347.0,2.5241277
CATGGCCTGTGCAT-1,0,937,2839.0,2.254315
CATGTACTATCGTG-1,1,740,1619.0,1.9765288
CATGTTACAGTCGT-1,1,781,2188.0,1.9195613
CATGTTACCTGAGT-1,0,819,2259.0,1.770695
CATGTTTGGGGATG-1,3,813,2193.0,2.0975833
CATTACACACGGAG-1,2,578,1480.0,3.9864864
CATTACACCAACTG-1,1,1022,2360.0,3.4745765
CATTACACGGAGTG-1,0,1191,3904.0,1.5112704
CATTACACTACTCT-1,0,824,2440.0,1.8852459
CATTAGCTCCACAA-1,3,1146,3497.0,3.6888764
CATTGACTAGCGGA-1,3,757,1915.0,2.8198433
CATTGGGACTCGAA-1,0,638,1397.0,3.1496062
CATTGTACAGCGTT-1,0,830,2233.0,2.23914
CATTGTACTCGATG-1,2,713,1857.0,1.6155088
CATTGTACTTATCC-1,0,609,1617.0,2.9066172
CATTGTACTTTGCT-1,3,1271,4202.0,2.974774
CATTGTTGCTAGTG-1,0,680,2170.0,1.4746544
CATTTCGACTCTAT-1,1,769,1792.0,2.9017856
CATTTCGAGATACC-1,1,1119,2657.0,1.0914565
CATTTGACCACACA-1,1,731,1688.0,2.9028437
CATTTGACCCTGAA-1,1,804,1729.0,1.3880856
CATTTGTGACGACT-1,2,781,2456.0,1.7100977
CATTTGTGCATTGG-1,0,916,2636.0,2.3141124
CATTTGTGCGGAGA-1,0,735,2444.0,3.7643209
CATTTGTGGGATCT-1,2,835,2461.0,1.6253555
CCAAAGTGCTACGA-1,3,1257,3442.0,2.614759
CCAAAGTGTGAGAA-1,3,472,1051.0,2.0932446
CCAACCTGAAGTAG-1,1,879,2140.0,0.74766356
CCAACCTGACGTAC-1,3,851,2608.0,1.8404908
CCAACCTGTTCGCC-1,3,1023,3214.0,1.8979466
CCAAGAACCCAATG-1,0,661,1742.0,1.6647531
CCAAGAACGTAGCT-1,0,1008,3230.0,1.2693498
CCAAGAACGTGTCA-1,0,748,2333.0,1.285898
CCAAGAACTACTGG-1,1,845,1767.0,2.320317
CCAAGAACTCCTAT-1,2,393,840.0,0.71428573
CCAAGATGTCATTC-1,0,675,1718.0,0.9895227
CCAAGATGTTTCAC-1,0,843,2099.0,1.9533111
CCAAGTGAGGAACG-1,0,876,3006.0,2.461743
CCAAGTGATCAAGC-1,0,939,2712.0,1.7330384
CCAATTTGAACGTC-1,3,932,2671.0,1.0482965
CCACCATGAACGTC-1,0,760,2186.0,1.9213176
CCACCATGATCGGT-1,0,735,2497.0,1.4817781
CCACCATGGACGAG-1,3,1561,4782.0,2.7394395
CCACCATGGGGAGT-1,0,752,2050.0,1.1707317
CCACCATGTCCTGC-1,1,940,2158.0,1.7145505
CCACTGACCCGCTT-1,3,705,1953.0,1.843318
CCACTGTGGGAAGC-1,3,405,866.0,4.272517
CCACTGTGTGTAGC-1,0,690,2306.0,2.6886382
CCACTTCTCGGGAA-1,3,1071,3466.0,3.6353145
CCAGAAACCCTGTC-1,2,544,1200.0,1.1666666
CCAGAAACGAACTC-1,0,927,2588.0,1.3910356
CCAGAAACGGTCTA-1,0,817,2791.0,1.182372
CCAGACCTCTGAGT-1,3,388,795.0,2.3899372
CCAGACCTTGTGGT-1,0,560,1460.0,2.0547945
CCAGCACTGCGATT-1,3,1322,4090.0,2.420538
CCAGCGGAAAGGCG-1,3,640,1572.0,2.226463
CCAGCGGACGACTA-1,3,886,2454.0,2.0782397
CCAGCGGATGGGAG-1,0,1075,3218.0,1.1187073
CCAGCTACACAGTC-1,0,689,1758.0,1.592719
CCAGCTACCAGCTA-1,2,524,1099.0,1.9108281
CCAGGTCTACACCA-1,2,606,1369.0,2.9218407
CCAGGTCTAGCATC-1,3,802,1805.0,1.7174516
CCAGGTCTATGGTC-1,0,868,2849.0,1.860302
CCAGTCACACTGGT-1,3,939,3251.0,3.691172
CCAGTCACACTGTG-1,2,753,1762.0,1.3053348
CCAGTCACGTTGTG-1,0,770,2152.0,1.16171
CCAGTGCTAACCAC-1,0,1105,3400.0,1.5
CCAGTGCTCGTAGT-1,0,841,2562.0,2.1467605
CCATCCGAAAGCAA-1,0,786,2457.0,3.663004
CCATCCGAACGACT-1,0,445,930.0,2.580645
CCATCCGAAGGTTC-1,2,703,1806.0,1.2735326
CCATCCGATTCGCC-1,3,593,1314.0,3.1202435
CCATCGTGAACGGG-1,0,875,2207.0,1.6764839
CCATCGTGCTAGAC-1,3,901,2559.0,2.188355
CCCAACACCTCGCT-1,2,927,2866.0,1.6399162
CCCAACACGCATCA-1,0,798,2201.0,1.4084507
CCCAACACTTTGTC-1,3,1221,3442.0,2.0627542
CCCAACTGCAATCG-1,3,415,853.0,1.6412661
CCCAGACTGCCTTC-1,3,1381,4757.0,1.9550138
CCCAGACTGGTTTG-1,2,949,2559.0,1.5240328
CCCAGACTTTCGCC-1,3,1322,4412.0,2.6065278
CCCAGTTGCAGTTG-1,3,1169,3416.0,1.8735362
CCCAGTTGGGTACT-1,0,745,1757.0,2.561184
CCCAGTTGTCTATC-1,2,727,1925.0,1.6623375
CCCGATTGTGTTTC-1,0,799,2273.0,3.2116146
CCCGGAGAAGGGTG-1,3,490,1019.0,1.6683023
CCCTACGAATTGGC-1,3,767,1865.0,1.3404826
CCCTAGTGCAAAGA-1,0,943,2448.0,2.1241832
CCCTCAGACACTTT-1,2,808,2070.0,1.7391304
CCCTCAGACGAGAG-1,0,926,2926.0,1.7429938
CCCTCAGAGGTCAT-1,0,664,2024.0,1.6304348
CCCTGAACTAAAGG-1,2,569,1533.0,1.9569471
CCCTGATGCAACCA-1,0,843,2914.0,1.7501715
CCCTGATGCAAGCT-1,2,727,1846.0,1.8959913
CCCTTACTAACCAC-1,3,1222,3561.0,2.52738
CCCTTACTGCAGTT-1,0,457,973.0,1.8499486
CCGAAAACCTTGTT-1,3,1515,5147.0,2.5646007
CCGACACTGGTTTG-1,0,1138,3326.0,1.6837041
CCGACTACCCAGTA-1,3,1174,3186.0,2.1343377
CCGACTACCGTGTA-1,0,525,1456.0,1.923077
CCGACTACTGAGGG-1,0,878,2372.0,1.7284992
CCGATAGACCTAAG-1,0,525,1638.0,2.5030525
CCGATAGAGTTGGT-1,3,999,2958.0,2.0622041
CCGCGAGACACACA-1,3,778,2109.0,3.4139402
CCGCGAGAGGTTCA-1,1,772,1965.0,1.9847327
CCGCTATGGGACGA-1,2,819,2000.0,2.5
CCGCTATGTGCAAC-1,3,1015,2523.0,2.4177566
CCGCTATGTGCACA-1,3,939,2854.0,2.1723895
CCGGTACTGTCCTC-1,0,856,2496.0,2.4038463
CCGTACACAAGCAA-1,0,715,1745.0,1.5472779
CCGTACACAGCGTT-1,2,793,2007.0,1.2954658
CCGTACACGTCATG-1,1,837,2076.0,2.938343
CCGTACACGTTGGT-1,3,1193,3297.0,2.1838036
CCGTACACTAACGC-1,0,764,2042.0,3.9177277
CCTAAACTTTCGTT-1,0,834,2353.0,0.93497664
CCTAAGGACCCAAA-1,0,677,2056.0,1.7509726
CCTAAGGACTAGCA-1,3,625,1516.0,3.6939316
CCTAAGGAGGGCAA-1,0,420,796.0,2.5125628
CCTAAGGATGATGC-1,0,837,2520.0,1.2698413
CCTAAGGATGTCAG-1,0,874,2882.0,1.7349062
CCTACCGACTCTTA-1,0,679,1893.0,1.5847859
CCTACCGAGGGATG-1,2,811,2344.0,1.6638225
CCTAGAGAGGTGAG-1,2,546,1388.0,1.4409221
CCTATAACCAAAGA-1,0,787,2562.0,2.3419204
CCTATAACGAGACG-1,3,587,1506.0,2.3904383
CCTATAACTCAGAC-1,0,821,2663.0,1.2392039
CCTATAACTGCATG-1,3,669,1721.0,2.0918071
CCTCGAACACTTTC-1,1,813,1644.0,1.946472
CCTCGAACCCGTAA-1,3,780,2060.0,2.1844661
CCTCGAACGTATCG-1,0,649,1619.0,2.594194
CCTCGAACTTACTC-1,0,924,3184.0,1.9786432
CCTCTACTCTTCGC-1,3,1322,4464.0,2.2625449
CCTCTACTGGCATT-1,0,701,2176.0,1.5165441
CCTGACTGAAGTAG-1,1,792,2128.0,3.2424812
CCTGACTGGGGAGT-1,0,817,2543.0,1.3763272
CCTGACTGTGTCTT-1,2,667,1619.0,3.8912911
CCTGCAACACGTTG-1,3,804,2096.0,2.2900765
CCTGGACTCGTGAT-1,0,593,1354.0,1.4032496
CCTTAATGCCCAAA-1,2,740,1853.0,1.9967619
CCTTAATGTTCTAC-1,3,1243,3834.0,3.781951
CCTTCACTACGACT-1,0,859,2168.0,1.3837638
CCTTCACTCAGTCA-1,2,685,1420.0,2.8169014
CCTTCACTGGAGTG-1,3,596,1657.0,2.051901
CCTTTAGATTCATC-1,3,1193,3507.0,2.1956089
CGAACATGCCCTAC-1,3,859,2322.0,2.4978466
CGAACATGTCAGAC-1,0,775,2211.0,1.4473089
CGAAGACTGGAACG-1,1,947,2444.0,2.782324
CGAAGACTGTTACG-1,0,689,1737.0,2.8209555
CGAAGGGAAACCTG-1,1,907,2158.0,1.2048192
CGAAGGGATCCGAA-1,2,734,1837.0,1.9597169
CGAAGTACCAACTG-1,2,621,1565.0,2.4920127
CGAATCGAGGAGCA-1,3,336,581.0,3.2702236
CGAATCGAGGAGGT-1,0,922,2512.0,1.9108281
CGACAAACCCATAG-1,0,802,2871.0,1.6022291
CGACAAACCGACAT-1,2,812,2098.0,1.2869399
CGACCACTAAAGTG-1,1,941,1934.0,2.016546
CGACCACTGCCAAT-1,1,943,1850.0,2.9729729
CGACCGGAAGGTCT-1,0,868,2728.0,2.016129
CGACCGGATGGAAA-1,0,947,2698.0,2.3721275
CGACCTTGCTAGTG-1,0,767,1977.0,0.9104704
CGACGTCTATCGTG-1,0,701,2043.0,2.349486
CGACGTCTCGTGTA-1,0,692,1954.0,2.2517912
CGACGTCTGAGGCA-1,0,423,1057.0,1.3245033
CGACTCACGTCGTA-1,0,775,2160.0,2.3148148
CGACTCACGTTGCA-1,0,500,1093.0,3.1107047
CGACTCTGTGTGAC-1,0,1100,3131.0,1.5011178
CGACTGCTTCCTCG-1,3,812,2015.0,1.5880893
CGAGAACTAAGGCG-1,1,728,1913.0,2.6659698
CGAGAACTACGTTG-1,0,616,1842.0,2.8230186
CGAGAACTTGTTCT-1,3,928,2551.0,1.4896119
CGAGATTGGACACT-1,1,835,1943.0,1.4925373
CGAGATTGGCCATA-1,1,454,1042.0,2.6871402
CGAGCCGAACACCA-1,0,812,2385.0,3.1027253
CGAGCCGAGGCGAA-1,0,769,2447.0,3.2693093
CGAGCGTGCTCCAC-1,0,1058,3303.0,2.08901
CGAGCGTGGATACC-1,0,914,3360.0,1.4285715
CGAGCGTGTATGCG-1,3,628,1530.0,3.660131
CGAGGAGACCTCCA-1,2,649,1531.0,2.2860875
CGAGGAGATGTCGA-1,0,452,1069.0,3.3676333
CGAGGCACCTATGG-1,1,754,1975.0,1.8734177
CGAGGCACTATGCG-1,3,1327,4177.0,2.896816
CGAGGCACTCTTCA-1,0,776,1827.0,1.9157088
CGAGGCTGACGCTA-1,1,670,1373.0,1.9664967
CGAGGCTGGCAGTT-1,3,1017,2940.0,2.2108843
CGAGGGCTACGACT-1,2,599,1663.0,2.1046302
CGAGGGCTCGAATC-1,0,431,905.0,2.8729281
CGAGTATGTCACCC-1,3,967,2745.0,3.3515482
CGATACGAACAGTC-1,3,1077,3047.0,1.8050542
CGATACGACAGGAG-1,1,2033,6733.0,2.2129807
CGATACGATTCACT-1,2,731,2023.0,1.4335146
CGATAGACCCGTAA-1,3,533,1222.0,3.6824877
CGATAGACCGTACA-1,0,926,2090.0,0.76555026
CGATAGACGTAGGG-1,3,725,1830.0,3.0054646
CGATAGACTGTTCT-1,0,559,1299.0,2.3094687
CGATCAGAAGAACA-1,1,870,2199.0,2.1828103
CGATCAGAGAGGGT-1,0,964,2723.0,2.019831
CGATCAGAGGTACT-1,0,1341,5142.0,1.1474135
CGATCAGATGTGAC-1,4,1981,6916.0,0.9832273
CGATCCACCGGGAA-1,1,1103,3231.0,2.2284122
CGATCCACTTCCAT-1,2,326,591.0,2.0304568
CGCAAATGCTCGAA-1,0,428,1012.0,4.644269
CGCAACCTCCTTGC-1,0,808,2312.0,1.5138408
CGCAACCTGGACGA-1,0,821,2322.0,1.9810508
CGCACGGAGGACGA-1,2,554,1171.0,2.4765158
CGCACGGATCTTTG-1,0,596,1932.0,3.2091095
CGCACTACAGAATG-1,0,680,1864.0,1.2339056
CGCACTACAGCCAT-1,0,1034,3379.0,1.0358094
CGCACTACATTGGC-1,0,849,2816.0,1.8110795
CGCACTACTCGCCT-1,2,566,1284.0,2.0249221
CGCACTACTCGTGA-1,0,879,2071.0,2.3660069
CGCACTTGTCACGA-1,3,1091,3086.0,1.749838
CGCAGGACAGATCC-1,1,823,2213.0,3.3890646
CGCAGGACCTACTT-1,0,447,1067.0,1.8744143
CGCAGGACTTGTCT-1,3,1688,5163.0,2.2080188
CGCAGGTGCACTGA-1,0,868,2754.0,2.9774873
CGCAGGTGCCATAG-1,3,1254,4316.0,2.9425395
CGCAGGTGGGAACG-1,0,942,2280.0,2.8070176
CGCATAGATCACGA-1,3,462,955.0,1.1518325
CGCCATACTGCAAC-1,0,1055,3448.0,1.537123
CGCCATTGAGAGGC-1,0,852,2763.0,2.2077453
CGCCATTGCTATGG-1,0,738,1794.0,1.7837236
CGCCATTGGAGACG-1,0,804,2288.0,1.6608391
CGCCATTGGAGCAG-1,2,775,2024.0,4.5948615
CGCCATTGTACTGG-1,2,726,1687.0,1.8968585
CGCCGAGAGCTTAG-1,1,993,2047.0,1.6121153
CGCCTAACGAATGA-1,4,1462,4604.0,1.8245004
CGCCTAACTGCTCC-1,0,1007,3490.0,1.5759312
CGCGAGACACAGCT-1,0,798,2246.0,3.2502227
CGCGAGACAGGTCT-1,2,1036,3174.0,3.1505988
CGCGAGACGCTACA-1,1,786,1969.0,1.6759777
CGCGATCTCAGTCA-1,3,948,2556.0,1.3302034
CGCGATCTGTTGAC-1,3,743,2110.0,2.606635
CGCGATCTTTCTTG-1,2,761,2394.0,2.3391814
CGCGGATGGCCAAT-1,0,838,2266.0,1.2797881
CGCTAAGAATGTCG-1,0,1040,2703.0,0.5549389
CGCTAAGACAACTG-1,0,859,2772.0,2.0923522
CGCTAAGACCCTTG-1,0,867,2620.0,2.0229008
CGCTACTGAACAGA-1,3,1188,3808.0,2.809874
CGCTACTGAGAACA-1,0,846,2461.0,1.0158472
CGCTACTGTGAGCT-1,0,687,1926.0,0.8307373
CGCTACTGTTCCCG-1,0,672,1368.0,3.1432748
CGCTCATGCATTTC-1,3,629,1469.0,2.2464263
CGGAATTGGTTTGG-1,0,725,1897.0,2.266737
CGGAATTGTGGAGG-1,0,660,1544.0,0.71243525
CGGACCGATGCGTA-1,1,809,1835.0,1.307902
CGGACCGATGGGAG-1,0,469,985.0,2.6395938
CGGACTCTAAACAG-1,2,600,1659.0,1.98915
CGGACTCTCCAATG-1,0,812,2003.0,2.1967049
CGGACTCTCCTCGT-1,1,856,1875.0,1.8133333
CGGAGGCTATTCCT-1,0,397,848.0,4.8349056
CGGAGGCTTGGATC-1,0,786,2836.0,1.1988716
CGGATAACAACGAA-1,3,895,2578.0,1.0085338
CGGATAACAGCTCA-1,0,882,2432.0,1.3157895
CGGATAACTCAGTG-1,3,449,959.0,2.3983316
CGGCACGAACTCAG-1,1,890,2271.0,3.6547775
CGGCACGAAGGGTG-1,0,823,2437.0,3.0365202
CGGCACGACTACGA-1,3,1051,2839.0,3.4871433
CGGCATCTTAGAAG-1,0,823,1982.0,2.320888
CGGCATCTTCGTAG-1,3,1055,3312.0,1.9927537
CGGCCAGAAAGGTA-1,0,741,2077.0,2.407318
CGGCCAGAGAGGCA-1,1,999,2410.0,2.3236516
CGGCGAACCAGTCA-1,3,1241,3765.0,2.0982735
CGGCGAACGACAAA-1,1,790,1589.0,0.88105726
CGGCGAACGGTCTA-1,0,878,2498.0,1.5612489
CGGCGAACTACTTC-1,1,778,1729.0,2.0242915
CGGGACTGCGTGTA-1,0,1066,4278.0,2.5011687
CGGGACTGGAATAG-1,1,815,2013.0,3.3780427
CGGGCATGACCCAA-1,1,465,1032.0,4.6511626
CGGGCATGTCTCTA-1,1,1079,2865.0,2.0593367
CGGGCATGTTGTGG-1,0,743,2197.0,1.6385982
CGGTAAACTCGCAA-1,0,1098,3145.0,1.3672496
CGGTCACTGTTTGG-1,0,807,2140.0,1.8224299
CGGTCACTTACTTC-1,0,1120,3248.0,1.3238916
CGTAACGATCGCCT-1,0,1025,3416.0,1.5515223
CGTACCACACACAC-1,0,805,2085.0,1.7266188
CGTACCACACGTTG-1,0,676,2159.0,1.4821676
CGTACCACCTCATT-1,0,828,2382.0,2.225021
CGTACCACGGAGCA-1,0,763,2132.0,1.9699812
CGTACCTGGCATCA-1,1,997,2473.0,2.5070765
CGTAGCCTCTCTCG-1,3,852,2311.0,2.0337517
CGTAGCCTGCGAAG-1,0,866,2242.0,1.2042818
CGTAGCCTGTATGC-1,3,1118,3499.0,4.1154613
CGTCAAGAAAGGTA-1,3,508,1114.0,2.4236984
CGTCAAGAACGTGT-1,0,928,2816.0,1.5625
CGTCAAGACAGAGG-1,0,958,2750.0,1.9272728
CGTCAAGACAGGAG-1,1,932,2163.0,1.9879798
CGTCCATGCTCTTA-1,0,892,2746.0,1.3109978
CGTCGACTTTCCGC-1,1,905,2190.0,1.6438355
CGTGATGACGCTAA-1,0,494,909.0,1.870187
CGTGATGAGGTTCA-1,0,710,1749.0,3.2018297
CGTGCACTTATGGC-1,3,1068,3071.0,1.530446
CGTGTAGAAAAACG-1,0,795,2028.0,2.1696253
CGTGTAGACGATAC-1,1,787,1654.0,1.4510278
CGTGTAGAGTTACG-1,1,951,2075.0,1.7831326
CGTGTAGAGTTCAG-1,3,720,1890.0,1.7460319
CGTGTAGATTCGGA-1,1,842,1674.0,1.6129031
CGTTAGGAAACCAC-1,0,890,2243.0,2.0062418
CGTTAGGATCATTC-1,3,1355,4084.0,1.2242899
CGTTATACCCTGAA-1,1,1005,2389.0,3.2649643
CGTTTAACTGGTCA-1,0,872,2767.0,1.4094687
CTAAACCTCTGACA-1,1,1185,2533.0,3.6320567
CTAAACCTGTGCAT-1,2,912,2520.0,1.4285715
CTAACACTAACGTC-1,0,869,2764.0,3.762663
CTAACACTAGTGCT-1,3,894,2355.0,2.2929935
CTAACGGAACCGAT-1,1,997,1999.0,1.5507754
CTAACGGATTTCTG-1,0,770,2257.0,1.3735046
CTAACTACGGCAAG-1,0,554,1287.0,1.2432013
CTAAGGACACCATG-1,0,806,2135.0,2.6697893
CTAAGGACCGTTAG-1,0,1426,5485.0,1.7502278
CTAAGGACGCCATA-1,3,1012,2879.0,1.9798541
CTAAGGTGCCTAAG-1,2,452,1111.0,1.8001801
CTAAGGTGTTGCAG-1,0,896,2959.0,3.8188577
CTAAGGTGTTTCTG-1,0,426,1009.0,0.89197224
CTAATAGAGCTATG-1,0,239,600.0,0.16666667
CTAATGCTTGTGGT-1,3,829,2067.0,2.8543782
CTACAACTCCCGTT-1,1,895,2194.0,2.0510483
CTACCTCTCAACCA-1,0,787,2334.0,0.8140531
CTACGCACACCTAG-1,3,1139,3713.0,2.504713
CTACGCACTCTCCG-1,0,925,2639.0,1.32626
CTACGCACTGGTCA-1,1,1015,2471.0,2.0639417
CTACGGCTTTCTTG-1,3,1360,3914.0,1.6607052
CTACTATGAACCAC-1,3,1097,3188.0,2.4153075
CTACTATGATGTGC-1,3,650,1663.0,2.3451593
CTACTATGCTAAGC-1,1,853,2706.0,2.4020693
CTACTATGTAAAGG-1,2,549,1265.0,2.5296443
CTACTCCTATGTCG-1,1,1052,2181.0,1.8340211
CTACTCCTGCCATA-1,3,307,586.0,3.7542663
CTAGAGACACTTTC-1,0,1152,3201.0,1.9056545
CTAGAGACAGCATC-1,1,907,2206.0,0.8159565
CTAGAGACTTTGGG-1,3,1628,5522.0,3.3502355
CTAGATCTCTCTAT-1,0,731,1822.0,1.8111964
CTAGATCTTCGACA-1,0,897,2392.0,1.4214047
CTAGGATGAGCCTA-1,2,1749,5878.0,1.5651581
CTAGGATGATCGTG-1,2,762,2159.0,1.7137563
CTAGGCCTCTCAGA-1,0,712,1998.0,0.2002002
CTAGGTGATGGTTG-1,3,1195,3254.0,1.9360787
CTAGTTACCAGAGG-1,0,851,2741.0,1.9336009
CTAGTTACCGCATA-1,0,864,2360.0,2.20339
CTAGTTACGAAACA-1,1,968,2247.0,2.269693
CTATAAGATCGTTT-1,2,845,2736.0,1.0599415
CTATACTGAGGTTC-1,3,331,732.0,0.40983605
CTATACTGCCAGTA-1,0,840,2692.0,2.1173847
CTATACTGCGCTAA-1,3,734,1857.0,1.6155088
CTATACTGCTACGA-1,1,948,2130.0,1.8779343
CTATACTGTCTCAT-1,1,842,1774.0,4.002255
CTATACTGTTCGTT-1,0,1543,4789.0,1.23199
CTATAGCTGTCACA-1,0,661,2124.0,1.977401
CTATAGCTTCGCTC-1,3,981,2543.0,2.7526543
CTATAGCTTGCCTC-1,3,912,2498.0,3.4027224
CTATCAACGAACTC-1,0,912,2522.0,2.1411576
CTATCAACGCAGAG-1,0,1063,3163.0,2.2447045
CTATCAACTTTGGG-1,0,683,2057.0,3.3543997
CTATCCCTCCACCT-1,3,823,2173.0,2.2089279
CTATGTACGAGAGC-1,0,996,3145.0,1.1764706
CTATGTACGCTTAG-1,0,695,2074.0,1.9286404
CTATGTACTGTTTC-1,0,1483,4826.0,1.2018235
CTATGTTGAAAGCA-1,0,927,3168.0,1.9570706
CTATGTTGTCCTCG-1,0,574,1635.0,1.4067278
CTATGTTGTCTCGC-1,0,1052,3494.0,2.4327419
CTATTGACAAACGA-1,3,571,1289.0,4.2668734
CTATTGACACTGGT-1,3,1028,2940.0,2.2108843
CTATTGACGGTGAG-1,3,1263,3968.0,1.6129031
CTATTGTGGCAAGG-1,0,671,1939.0,3.6101084
CTCAATTGGTTCAG-1,0,958,3237.0,1.3592833
CTCAATTGGTTGCA-1,3,747,1908.0,3.1446543
CTCAGAGATAGAAG-1,0,866,2568.0,1.3629284
CTCAGCACTCTAGG-1,0,896,2344.0,2.0051193
CTCAGCACTGAACC-1,3,489,1153.0,1.4744146
CTCAGCACTTGCAG-1,0,643,1860.0,1.5591397
CTCAGCTGAACCTG-1,3,923,2928.0,2.5614753
CTCAGCTGCAGTTG-1,0,820,2342.0,2.4765158
CTCAGGCTCGTTGA-1,3,1466,4505.0,2.463929
CTCAGGCTGCTAAC-1,0,550,1198.0,1.6694492
CTCATTGACCTTAT-1,0,1112,3103.0,0.6767644
CTCATTGATGCTTT-1,3,1006,3007.0,2.1283672
CTCCACGAGAGATA-1,4,1448,4639.0,2.0262988
CTCCATCTCTTAGG-1,0,727,2109.0,1.185396
CTCCATCTGACGAG-1,0,899,2887.0,1.5240735
CTCCGAACAAGTGA-1,3,998,2446.0,2.248569
CTCCTACTGCCTTC-1,3,563,1292.0,3.7151701
CTCGAAGATGTGGT-1,0,870,2952.0,2.303523
CTCGAAGATTAGGC-1,3,903,2373.0,0.96923727
CTCGACTGCTCTAT-1,0,516,1144.0,1.048951
CTCGACTGGGTGAG-1,0,754,2023.0,1.7301037
CTCGACTGGTTGAC-1,1,879,1814.0,2.2601984
CTCGAGCTCTGGAT-1,1,588,1157.0,0.9507347
CTCGCATGACTTTC-1,0,740,1839.0,4.295813
CTCGCATGCTTAGG-1,0,798,2190.0,3.5616438
CTCTAAACCTCGAA-1,0,798,2272.0,1.056338
CTCTAAACGGCGAA-1,0,653,2003.0,1.747379
CTCTAATGTCCAAG-1,3,902,2339.0,2.9927318
CTGAACGACAGTCA-1,0,990,2732.0,0.8784773
CTGAACGATGAGGG-1,0,724,1538.0,2.340702
CTGAAGACCCAACA-1,0,953,2753.0,2.6879766
CTGAAGACGTGCAT-1,2,891,2300.0,2.5652175
CTGAAGTGAAGCCT-1,3,1437,4073.0,2.995335
CTGAAGTGCAGCTA-1,2,653,1717.0,1.3395457
CTGAAGTGGCTATG-1,0,714,1891.0,0.84611315
CTGAAGTGTCCAGA-1,0,956,3300.0,0.60606056
CTGAATCTGAATAG-1,0,877,2023.0,1.8783984
CTGACAGAATCGTG-1,1,1012,2700.0,1.037037
CTGACCACAGCAAA-1,0,824,2478.0,0.8071025
CTGAGAACCGGGAA-1,0,1077,3916.0,2.0684373
CTGAGAACGTAAAG-1,1,740,1420.0,1.7605635
CTGATACTAGTAGA-1,0,692,2229.0,1.615074
CTGATTTGGTGTTG-1,3,1063,2994.0,1.1690047
CTGCAGCTAACCGT-1,0,771,2674.0,3.4031413
CTGCAGCTGACACT-1,0,808,3102.0,0.7092198
CTGCAGCTGGATTC-1,3,1389,4046.0,1.5570934
CTGCAGCTTGGCAT-1,0,1264,3900.0,2.3076923
CTGCCAACAGGAGC-1,1,952,2857.0,2.9751487
CTGCCAACCAGCTA-1,0,816,2211.0,1.2663953
CTGCCAACTAACCG-1,3,795,2264.0,2.0318022
CTGCCAACTGCTCC-1,1,795,1870.0,2.7272727
CTGCCAACTTGCAG-1,0,760,2344.0,3.242321
CTGCCAACTTGCTT-1,1,886,2332.0,2.2727273
CTGCGACTCCACCT-1,0,349,688.0,3.4883723
CTGGAAACAAACGA-1,1,868,2367.0,2.8728347
CTGGAAACATCGAC-1,0,842,2151.0,1.3947002
CTGGATGACTGGAT-1,1,819,2037.0,2.7982326
CTGGATGACTTGTT-1,0,626,1457.0,4.1180506
CTGGATGATGTGAC-1,2,418,869.0,1.6110473
CTGGCACTCAAGCT-1,3,903,2565.0,1.9493177
CTGTAACTAACCAC-1,0,838,2167.0,2.9533918
CTGTAACTAGCGTT-1,0,723,1983.0,0.9581442
CTGTATACGTAAAG-1,0,436,979.0,2.042901
CTGTATACGTACGT-1,3,1112,3504.0,3.4531963
CTGTATACGTTGGT-1,0,724,1828.0,0.8752735
CTGTGAGACAACCA-1,3,1299,4059.0,2.2912047
CTGTGAGACCTTGC-1,1,719,1662.0,4.211793
CTGTGAGACGAACT-1,3,843,2277.0,1.3614405
CTGTGAGACTGTAG-1,3,1090,3256.0,2.3648648
CTTAAAGAACCTGA-1,0,696,2297.0,1.5672617
CTTAACACCTGTAG-1,0,885,2068.0,1.6924566
CTTAACACTATCGG-1,2,627,1748.0,2.2883296
CTTAAGCTACCTAG-1,0,809,2362.0,2.0745132
CTTAAGCTAGTACC-1,0,423,920.0,1.7391304
CTTAAGCTCATCAG-1,0,729,1860.0,3.064516
CTTAAGCTCCGCTT-1,2,853,2374.0,2.990733
CTTACAACTAACGC-1,0,855,2369.0,1.7306881
CTTACAACTCCCGT-1,3,608,1505.0,1.1960133
CTTACTGACGTACA-1,0,627,1857.0,2.2078621
CTTAGACTAAACGA-1,0,823,2396.0,1.293823
CTTAGGGACTTGCC-1,0,1063,2991.0,0.6686727
CTTAGGGAGAATCC-1,0,575,1638.0,2.3199024
CTTATCGACTCATT-1,0,743,1966.0,1.9328587
CTTCACCTACCTGA-1,3,1528,4888.0,2.3936172
CTTCATGAAGCATC-1,2,681,1927.0,1.7644007
CTTCATGAAGTACC-1,0,544,1324.0,1.8882176
CTTCATGACCGAAT-1,1,422,937.0,3.5218782
CTTGAACTACGCAT-1,0,731,2077.0,1.6369764
CTTGATTGAGGTTC-1,1,920,2005.0,1.6957605
CTTGATTGATCTTC-1,3,761,2094.0,2.531041
CTTGATTGCATTCT-1,0,884,2276.0,2.9437609
CTTGATTGTTTCGT-1,0,982,3235.0,1.1128284
CTTGTATGACACCA-1,2,784,2020.0,1.2871287
CTTGTATGCGCAAT-1,2,496,1035.0,1.9323671
CTTTACGAGCGAAG-1,0,573,1483.0,4.045853
CTTTAGACCGTGAT-1,0,521,1507.0,2.5215662
CTTTAGACGAGACG-1,0,663,2251.0,2.087961
CTTTAGACGATACC-1,0,794,2500.0,1.16
CTTTAGACGTTGGT-1,1,975,2937.0,3.3026896
CTTTAGACTCATTC-1,1,856,2511.0,3.2258062
CTTTAGTGACGGGA-1,1,978,2214.0,2.0325203
CTTTAGTGGGTGGA-1,0,590,1648.0,1.57767
CTTTCAGAGAAACA-1,0,905,2496.0,1.3621795
CTTTGATGAGCACT-1,0,695,2020.0,1.3861386
CTTTGATGTCTAGG-1,1,816,1935.0,2.9457364
CTTTGATGTGTCCC-1,0,976,3462.0,2.397458
CTTTGATGTGTGGT-1,0,816,2490.0,1.6465863
GAAACAGAACTACG-1,0,753,1960.0,1.377551
GAAACAGAATCACG-1,0,791,2180.0,2.0183487
GAAACAGACATTCT-1,0,858,2572.0,1.55521
GAAACCTGATCGTG-1,0,813,2487.0,1.367109
GAAACCTGATGCCA-1,0,841,2390.0,2.2175734
GAAACCTGCTTATC-1,0,1085,3639.0,1.0167629
GAAACCTGGACTAC-1,3,1692,5328.0,2.59009
GAAACCTGTGCTAG-1,0,716,1723.0,1.683111
GAAAGATGATTTCC-1,0,955,2501.0,1.2395042
GAAAGATGCTGATG-1,3,1467,4691.0,2.3235984
GAAAGATGCTTCGC-1,3,741,2316.0,0.9930915
GAAAGATGTAAGGA-1,0,296,651.0,4.1474657
GAAAGCCTACGTTG-1,2,738,2282.0,1.8404908
GAAAGTGAAAGTGA-1,4,1573,6177.0,2.590254
GAAAGTGACCACAA-1,3,1119,3255.0,2.6420891
GAAAGTGACTCAAG-1,0,918,3359.0,2.530515
GAAATACTACCAAC-1,3,283,561.0,1.604278
GAAATACTCTTAGG-1,2,703,2039.0,2.3540952
GAAATACTTCCTCG-1,0,842,2036.0,1.6699411
GAACACACGTGCAT-1,3,1253,3828.0,2.429467
GAACACACTGCCTC-1,0,676,2168.0,4.0590405
GAACAGCTAACTGC-1,3,1636,5494.0,2.3298144
GAACAGCTCTCAGA-1,3,1273,4199.0,2.953084
GAACCAACCACAAC-1,0,380,863.0,1.506373
GAACCAACTTCCGC-1,1,799,1610.0,2.0496893
GAACCTGAACGTGT-1,0,1491,4756.0,3.1959631
GAACCTGAGAGACG-1,0,878,2490.0,0.8032128
GAACCTGATGAACC-1,0,939,2871.0,1.2887496
GAACGGGATACTTC-1,0,725,2033.0,1.4756517
GAACTGTGACCTGA-1,3,1365,4027.0,2.0114229
GAACTGTGCCAGTA-1,3,818,2040.0,1.8137256
GAAGAATGCAATCG-1,0,719,2090.0,2.2488039
GAAGCGGACCTATT-1,3,1343,4008.0,2.2954092
GAAGCTACGAATGA-1,3,905,2610.0,2.183908
GAAGCTACGGTTTG-1,0,837,1763.0,1.8150879
GAAGGGTGAAAGTG-1,0,803,2473.0,0.80873436
GAAGGGTGCTTAGG-1,3,990,2939.0,2.4157877
GAAGGTCTGAAAGT-1,0,1084,2280.0,0.9649123
GAAGGTCTGTTGCA-1,0,976,3213.0,1.276066
GAAGGTCTTAAAGG-1,4,1630,5640.0,1.6843971
GAAGTAGACTCCCA-1,1,795,1871.0,2.3516836
GAAGTAGATCCAAG-1,3,1408,4035.0,2.6517968
GAAGTCACCCTCGT-1,3,771,1853.0,1.5650296
GAAGTCACCCTGTC-1,2,650,1978.0,2.3761375
GAAGTCTGTCGCAA-1,2,779,1998.0,2.102102
GAAGTCTGTTCTGT-1,0,648,2244.0,2.4955437
GAAGTGCTAAACGA-1,1,817,1806.0,2.9346623
GAAGTGCTCCGCTT-1,3,1127,3251.0,2.7991388
GAAGTGCTTAACCG-1,0,882,2587.0,2.280634
GAATGCACCCTAAG-1,0,954,3039.0,1.6781837
GAATGCACCTTCGC-1,1,830,1980.0,2.020202
GAATGCTGCGGTAT-1,0,732,2569.0,3.8925653
GAATTAACGATAAG-1,0,783,2136.0,1.2640449
GAATTAACGGTCAT-1,0,756,1914.0,1.7241379
GAATTAACGTCGTA-1,1,708,1323.0,1.5117158
GAATTAACTGAAGA-1,2,976,2481.0,2.095929
GACAACACAGGCGA-1,0,718,2578.0,1.5903801
GACAACACATCGTG-1,0,887,2592.0,2.199074
GACAACACTCGCCT-1,0,809,2229.0,1.5702108
GACAACTGAGGTTC-1,0,795,2501.0,1.9992003
GACAGGGAAGAGTA-1,2,662,1574.0,2.858958
GACAGGGAATGCCA-1,0,912,2543.0,1.179709
GACAGTACGAGCTT-1,3,1550,4933.0,2.432597
GACAGTACTTCGGA-1,3,1509,5193.0,4.794916
GACAGTTGAGTAGA-1,2,1021,3107.0,1.577084
GACATTCTCCACCT-1,4,1751,6193.0,2.5028257
GACCAAACGACTAC-1,3,776,2043.0,3.91581
GACCAAACGTATCG-1,3,910,2228.0,2.962298
GACCCTACTAAAGG-1,2,714,1493.0,1.4735433
GACCTAGACCTCAC-1,0,530,1178.0,4.9235992
GACCTAGACGAGAG-1,0,846,2591.0,4.3226557
GACCTCACAAGGTA-1,0,631,1825.0,1.589041
GACCTCACGTACGT-1,3,1152,3514.0,2.2766078
GACCTCTGCATCAG-1,0,1118,4014.0,2.1923268
GACGAACTCCCACT-1,0,755,2191.0,1.4605203
GACGATTGCCAATG-1,2,573,1186.0,1.5177065
GACGCCGACCTTCG-1,0,1176,2708.0,1.7355982
GACGCTCTCTCTCG-1,5,267,683.0,3.2210834
GACGGCACACGGGA-1,1,918,1803.0,0.9983361
GACGGCACGAGATA-1,3,1132,3154.0,2.219404
GACGTAACCTATGG-1,0,849,2218.0,1.3976555
GACGTAACCTGTGA-1,0,938,2521.0,1.6660055
GACGTAACTATGGC-1,0,1140,3219.0,1.7707362
GACGTATGTTGACG-1,0,909,2554.0,0.90054816
GACGTATGTTTGCT-1,0,840,2410.0,1.120332
GACGTCCTACGGAG-1,0,806,2226.0,1.6621742
GACGTCCTCTCAAG-1,3,904,2413.0,2.6523
GACGTCCTGATAAG-1,2,788,2256.0,1.5957447
GACTACGATGGTCA-1,2,778,1874.0,1.7075773
GACTCCTGCTCGCT-1,0,715,1862.0,3.4371643
GACTCCTGGGTTAC-1,0,869,2649.0,2.5670063
GACTCCTGTTATCC-1,0,714,1462.0,2.3255813
GACTCCTGTTGGTG-1,3,883,2720.0,2.0588236
GACTGAACCAATCG-1,3,767,2301.0,1.1299435
GACTGATGTGATGC-1,0,858,2650.0,1.3584906
GACTTTACATGCCA-1,0,788,2480.0,0.9274193
GACTTTACGACAGG-1,2,553,1350.0,1.5555556
GAGAAATGTTCTCA-1,2,634,2056.0,3.2101166
GAGATAGAAAAAGC-1,3,1230,3327.0,1.653141
GAGATCACGACAAA-1,3,1131,3174.0,2.016383
GAGATGCTCTGGAT-1,1,849,2075.0,2.7951808
GAGATGCTGAATGA-1,0,811,1804.0,1.7738359
GAGCAGGATTCCCG-1,1,827,1900.0,1.7368422
GAGCATACTTTGCT-1,3,1753,6694.0,1.6731402
GAGCGCACGCGTAT-1,3,713,1777.0,2.7574563
GAGCGCACGGTGAG-1,1,484,1056.0,4.6401515
GAGCGCTGAAGATG-1,1,783,1631.0,2.8816679
GAGCGCTGTCTTAC-1,3,722,1979.0,1.4653865
GAGCGGCTGGGAGT-1,2,596,1520.0,2.4342105
GAGGACGACTCAGA-1,0,514,1171.0,1.2809564
GAGGATCTGAAAGT-1,2,372,717.0,0.41841003
GAGGCAGACTTGCC-1,1,925,2239.0,1.2058954
GAGGGAACACCAGT-1,0,747,1677.0,0.5963029
GAGGGAACGAGGGT-1,0,840,1827.0,2.3535852
GAGGGATGGGAAAT-1,0,673,1497.0,2.004008
GAGGGCCTTCACCC-1,0,955,2480.0,2.701613
GAGGGTGAAGAGTA-1,0,796,2599.0,1.5390534
GAGGTACTACGGTT-1,0,719,2041.0,3.0377266
GAGGTACTACTCAG-1,3,718,1980.0,2.020202
GAGGTACTGACACT-1,1,857,1922.0,1.3527576
GAGGTACTGGGAGT-1,0,578,1321.0,0.8327025
GAGGTACTTAGCGT-1,3,1063,3386.0,2.8352036
GAGGTGGAGTACGT-1,0,594,1515.0,4.092409
GAGGTGGATCCTCG-1,1,997,1988.0,1.9617707
GAGGTTACTCGTTT-1,3,1268,3757.0,1.2509981
GAGGTTTGTAAGCC-1,3,341,684.0,3.362573
GAGTCAACCATTCT-1,0,388,897.0,1.7837236
GAGTCAACGGGAGT-1,0,753,2627.0,1.9033117
GAGTCTGATCGTGA-1,0,834,2354.0,1.2744265
GAGTCTGATTTGGG-1,2,593,1493.0,2.0763564
GAGTGACTCAGCTA-1,0,1189,2887.0,1.6279876
GAGTGACTCGGTAT-1,1,911,2183.0,1.5116812
GAGTGACTCTTGCC-1,2,738,1833.0,1.5275505
GAGTGACTGACTAC-1,2,476,1256.0,4.060509
GAGTGACTGTCTAG-1,0,816,2146.0,1.9571295
GAGTGGGAGTCTTT-1,2,641,1581.0,2.5300443
GAGTGGGATGCCCT-1,0,746,2475.0,2.0606062
GAGTGGGATGCTGA-1,2,635,1498.0,1.9359145
GAGTGTTGCTGTAG-1,0,953,2790.0,2.078853
GAGTGTTGTGGTCA-1,0,801,2044.0,1.6144814
GAGTTGTGCATGGT-1,3,326,693.0,2.7417028
GAGTTGTGCTGAGT-1,1,849,2000.0,2.3
GAGTTGTGGCGAGA-1,3,499,1225.0,1.2244898
GAGTTGTGGTAGCT-1,5,865,2422.0,0.9083402
GAGTTGTGTATGCG-1,3,1420,4179.0,2.536492
GATAAGGAGAAACA-1,3,487,1139.0,3.072871
GATAAGGATTCACT-1,3,876,2518.0,2.779984
GATACTCTATCGGT-1,0,797,2343.0,1.6645327
GATACTCTTACTTC-1,0,981,2881.0,2.880944
GATACTCTTGACTG-1,3,756,2146.0,2.6095061
GATAGAGAAGGGTG-1,1,850,2063.0,3.1022782
GATAGAGACTGTGA-1,0,1097,3964.0,0.95862764
GATAGAGATCACGA-1,4,998,2811.0,1.4229811
GATAGCACCCATAG-1,0,829,2638.0,2.0849128
GATAGCACGAAGGC-1,3,1159,3630.0,1.9559228
GATAGCACTTGTCT-1,0,955,2942.0,2.039429
GATATAACAAGGTA-1,0,1061,3234.0,1.5769944
GATATAACACGCAT-1,0,696,2247.0,0.7120605
GATATATGCTGGAT-1,0,786,2668.0,2.2488756
GATATATGTCCGTC-1,1,743,1819.0,1.4843321
GATATATGTGGAGG-1,3,1211,3775.0,2.5165563
GATATCCTAGAAGT-1,0,893,2302.0,1.3032146
GATATCCTCCCGTT-1,3,491,1071.0,1.3071896
GATATTGACAGGAG-1,0,744,1736.0,3.6290321
GATATTGACGAGTT-1,3,1447,4410.0,1.3605442
GATATTGAGCCAAT-1,0,767,2424.0,1.4851485
GATCCCTGACCTTT-1,1,1050,2213.0,1.0845007
GATCCCTGTGTAGC-1,1,853,2324.0,1.4629948
GATCCGCTGGTCAT-1,3,1118,3070.0,1.7263843
GATCGAACCGAGAG-1,0,1428,4590.0,2.4836602
GATCGATGACTAGC-1,2,555,1137.0,0.87950754
GATCGATGGTAAAG-1,2,612,1771.0,1.8633541
GATCGATGTAAGGA-1,3,854,2504.0,1.2779553
GATCGTGACACTAG-1,0,789,2252.0,1.731794
GATCGTGATTCACT-1,0,889,2068.0,1.0638298
GATCTACTGGTGAG-1,0,784,1969.0,2.6917217
GATCTACTTTGCAG-1,2,712,1624.0,1.1699507
GATCTTACACCCAA-1,3,1323,3608.0,2.5776052
GATCTTACCCTACC-1,0,921,2803.0,2.4259722
GATCTTACGAATAG-1,3,682,1542.0,2.075227
GATCTTACGAGATA-1,3,794,2202.0,2.6793826
GATGCAACTCCAGA-1,0,846,2487.0,0.88459986
GATGCCCTACGTAC-1,0,1012,2810.0,2.5266905
GATGCCCTCTCATT-1,0,839,2403.0,1.3732834
GATGCCCTGGCAAG-1,3,807,2300.0,1.0
GATGCCCTTTTGCT-1,0,587,1525.0,3.6065574
GATTACCTTGTTCT-1,0,881,2471.0,1.9830028
GATTCGGAACGACT-1,0,781,2625.0,2.4761903
GATTCGGACAGGAG-1,3,1010,2873.0,1.6359206
GATTCGGAGAAGGC-1,3,1182,3634.0,2.366538
GATTCTTGATTCGG-1,3,1149,3001.0,1.5994668
GATTCTTGCCGATA-1,0,812,2262.0,2.0335984
GATTCTTGCGAGTT-1,2,607,1550.0,2.7096775
GATTGGACCCGTTC-1,2,1155,3465.0,1.2987013
GATTGGACGGTGTT-1,2,714,1759.0,3.1836271
GATTGGACTTTCGT-1,2,642,1634.0,2.0195837
GATTGGTGTGTCAG-1,0,1088,3236.0,1.1742892
GATTTAGACACTCC-1,3,1291,4120.0,3.15534
GATTTAGACTAAGC-1,2,1196,2967.0,1.3818672
GATTTAGATTCGTT-1,3,325,664.0,1.5060241
GATTTGCTAACGAA-1,0,804,2322.0,1.8087854
GATTTGCTAACGGG-1,3,370,691.0,1.1577424
GCAACCCTCCTCGT-1,3,359,744.0,1.6129031
GCAACTGATTGCGA-1,0,855,2805.0,2.6381462
GCAAGACTACTGGT-1,0,1165,2894.0,0.6219765
GCAAGACTAGGTCT-1,0,836,2191.0,2.8297582
GCAAGACTCCCTTG-1,0,923,2701.0,2.0733063
GCAATCGACTGCAA-1,1,863,2346.0,3.537937
GCAATCGAGACGTT-1,3,1284,3899.0,3.0520647
GCAATCGATCCTTA-1,3,1011,3054.0,2.1611001
GCAATTCTCGTGTA-1,0,889,2592.0,1.8904321
GCAATTCTTCTCCG-1,0,984,3262.0,1.8087063
GCACAAACAATGCC-1,0,512,1240.0,3.467742
GCACAAACGGTACT-1,0,939,2829.0,1.1311418
GCACAATGGTGCAT-1,4,883,2612.0,1.18683
GCACACCTGTGCTA-1,1,697,1376.0,2.1802325
GCACCACTCATGAC-1,3,1211,3644.0,1.5916575
GCACCACTGTTTGG-1,3,362,776.0,1.5463917
GCACCACTTCCTTA-1,1,969,1945.0,2.9305913
GCACCACTTTCGGA-1,3,1135,3246.0,1.7560074
GCACCTACGCGATT-1,0,1239,4274.0,1.0996724
GCACCTTGGCTGTA-1,0,580,1753.0,1.3690815
GCACCTTGGGGAGT-1,3,1103,3740.0,1.9518716
GCACGGACCAGCTA-1,0,975,3172.0,1.6393442
GCACGGTGACCTCC-1,0,825,2262.0,1.1936339
GCACGGTGCTATGG-1,3,1170,3105.0,2.5764894
GCACTAGAACGGGA-1,0,921,2493.0,2.5270758
GCACTAGAAGATGA-1,2,640,1548.0,2.4547803
GCACTAGACCTTTA-1,3,1180,3630.0,2.3966942
GCACTAGACGTAAC-1,2,378,745.0,1.8791946
GCACTAGAGTCGTA-1,1,982,2424.0,2.3514853
GCACTAGATGCAAC-1,0,916,2667.0,1.3873266
GCACTGCTGAGGCA-1,1,1122,3473.0,1.8427873
GCAGATACAGCGTT-1,1,792,2093.0,3.7267082
GCAGATACGACGGA-1,0,619,1670.0,1.6167665
GCAGATACGCAGAG-1,0,750,2140.0,2.1962616
GCAGCCGACAGTCA-1,0,913,3037.0,2.7988148
GCAGCGTGCACTCC-1,0,775,2298.0,1.261967
GCAGCTCTCAATCG-1,0,661,1860.0,1.1827956
GCAGCTCTGTTTCT-1,0,766,1688.0,1.1848341
GCAGGGCTAAGAAC-1,0,768,2969.0,1.9535197
GCAGGGCTAAGGGC-1,0,675,1466.0,1.568895
GCAGGGCTATCGAC-1,1,944,1981.0,2.3220594
GCAGGGCTTGGGAG-1,1,940,2195.0,4.9202733
GCAGTCCTAACTGC-1,0,761,2107.0,2.135738
GCAGTCCTCTCTTA-1,0,727,1832.0,2.0196507
GCATCAGATGCGTA-1,1,767,2047.0,3.859306
GCATGTGACAAGCT-1,0,873,2951.0,2.23653
GCATTGGAGAAGGC-1,0,1043,3069.0,1.2056044
GCCAAAACGAGGCA-1,1,850,2087.0,4.456157
GCCAAATGATCGAC-1,0,995,2887.0,1.9743679
GCCAACCTACGGTT-1,0,680,2141.0,2.195236
GCCAACCTCGCCTT-1,0,595,1770.0,1.1864407
GCCACGGAGGCGAA-1,3,700,2000.0,1.75
GCCACGGATACTGG-1,0,753,2411.0,2.1153047
GCCACTACGTCTTT-1,0,736,2097.0,2.241297
GCCCAACTACCGAT-1,0,891,2579.0,1.5509888
GCCCAACTATGGTC-1,1,685,1833.0,1.8548827
GCCCATACAGCGTT-1,0,780,1959.0,0.40837163
GCCGACGAACTCTT-1,3,986,2982.0,2.0791416
GCCGAGTGCGTTGA-1,0,989,3191.0,3.0397995
GCCGGAACGAACTC-1,1,830,2325.0,2.1505377
GCCGGAACGTTCTT-1,1,810,1582.0,2.6548672
GCCGGAACTGCACA-1,1,685,1591.0,4.902577
GCCGGAACTTACTC-1,0,784,2021.0,1.0885701
GCCGTACTACCTGA-1,0,642,2258.0,3.4986715
GCCGTACTGGCAAG-1,3,742,1698.0,3.6513546
GCCTACACAGTTCG-1,1,961,2058.0,1.5063169
GCCTACACCACTGA-1,3,906,2617.0,2.101643
GCCTACACCTTGAG-1,0,829,2817.0,0.8519702
GCCTAGCTACGGAG-1,2,621,1730.0,0.9826589
GCCTAGCTCTATTC-1,0,822,2419.0,1.6535759
GCCTAGCTTCTCAT-1,0,717,2155.0,2.1345708
GCCTAGCTTCTCTA-1,3,1210,3411.0,3.3128116
GCCTCAACCATGGT-1,0,800,2602.0,1.1145273
GCCTCAACTCTTTG-1,1,1963,5990.0,1.1185309
GCCTCATGTCTTAC-1,1,749,2173.0,3.0372758
GCCTGACTCTCAAG-1,3,757,2004.0,1.4471058
GCGAAGGAACTCTT-1,0,570,1247.0,2.3255813
GCGAAGGATGCCAA-1,0,831,2468.0,1.9854132
GCGAGAGAGGGACA-1,0,721,1883.0,1.1683483
GCGAGCACTGTCGA-1,2,336,613.0,1.9575857
GCGAGCACTTGACG-1,0,802,2283.0,2.4967148
GCGAGCACTTGCTT-1,3,1001,3144.0,3.053435
GCGATATGGTACGT-1,0,886,2071.0,1.0140029
GCGATATGGTGTTG-1,0,631,1762.0,2.4404087
GCGCACGAAGTCGT-1,0,759,2266.0,2.7802293
GCGCACGACTTTAC-1,3,631,1689.0,1.5393723
GCGCATCTAGGTCT-1,0,550,1395.0,1.3620073
GCGCATCTGGTTAC-1,3,984,2518.0,2.8594124
GCGCATCTTCGATG-1,0,767,2297.0,1.6543318
GCGCATCTTGCTCC-1,1,835,1995.0,2.1052632
GCGCATCTTTCTAC-1,0,777,2508.0,1.754386
GCGCGAACGTTCTT-1,2,639,1661.0,1.384708
GCGCGATGAACGGG-1,0,860,2635.0,0.9867173
GCGCGATGGTGCAT-1,1,1413,3228.0,3.283767
GCGGAGCTCCTGAA-1,0,747,1952.0,1.5368853
GCGGCAACCCGATA-1,0,779,2372.0,1.0539628
GCGGCAACGGAGGT-1,2,540,1320.0,2.878788
GCGGCAACTGTCGA-1,3,367,701.0,4.7075605
GCGTAAACACGGTT-1,4,1629,5928.0,2.1423752
GCGTAATGCACCAA-1,3,1380,3970.0,2.7455919
GCGTATGAACACCA-1,0,689,2132.0,2.2983115
GCGTATGATGAGAA-1,3,1001,2732.0,0.98828703
GCTACAGAAAGGTA-1,0,809,2454.0,1.1817441
GCTACAGAATCTTC-1,2,337,648.0,1.8518518
GCTACCTGAGAAGT-1,3,1103,3296.0,4.490291
GCTACCTGATCACG-1,0,796,2168.0,1.0608855
GCTACGCTAGAATG-1,0,966,2980.0,4.194631
GCTACGCTAGCTAC-1,0,782,2110.0,3.8388624
GCTACGCTCCCTAC-1,0,1018,2759.0,1.3048205
GCTAGAACAGAGGC-1,2,642,1513.0,1.6523464
GCTAGAACGGATCT-1,0,967,2700.0,2.1851852
GCTAGAACTCCCGT-1,0,436,1104.0,1.8115941
GCTAGATGAGCTCA-1,3,826,2305.0,3.3839478
GCTAGATGGCGATT-1,1,779,2016.0,2.827381
GCTATACTAAGGCG-1,0,1000,3088.0,1.4896374
GCTATACTAGCGTT-1,1,601,1509.0,3.909874
GCTATACTCTCTTA-1,0,796,2780.0,1.9784173
GCTATACTGGACGA-1,0,945,2824.0,2.407932
GCTCAAGAACCATG-1,3,1679,5557.0,1.7995322
GCTCAAGAAGTCAC-1,3,1123,3219.0,2.3609817
GCTCAGCTGTCTAG-1,0,596,1683.0,1.1289364
GCTCCATGAGAAGT-1,1,995,2130.0,1.4084507
GCTCCATGCCGAAT-1,0,720,1954.0,1.0235415
GCTCGACTCTAGTG-1,3,588,1418.0,2.7503526
GCTGATGAGGTATC-1,3,759,1908.0,2.620545
GCTTAACTACAGTC-1,3,452,916.0,2.9475982
GCTTAACTACTGGT-1,1,780,1799.0,2.167871
GCTTAACTGCTGAT-1,0,836,2605.0,0.4990403
GCTTAACTTAGACC-1,3,515,1124.0,3.9145908
GCTTAACTTCAGTG-1,0,846,2711.0,1.6230173
GGAACACTCACTTT-1,3,392,778.0,1.9280206
GGAACACTTCAGAC-1,5,283,628.0,2.8662422
GGAACTACTACTTC-1,0,710,1806.0,2.6024363
GGAACTTGAAGGTA-1,3,1158,3452.0,2.4913094
GGAACTTGAGAATG-1,0,796,2303.0,3.2132003
GGAACTTGCTCCAC-1,3,895,2406.0,1.7871987
GGAACTTGGGTAGG-1,2,585,1740.0,4.367816
GGAAGGACATCGGT-1,3,559,1387.0,0.93727463
GGAAGGACCACTAG-1,0,859,2054.0,1.1197662
GGAAGGACGAGGGT-1,0,879,2881.0,3.3668864
GGAAGGACGCGAAG-1,0,858,2169.0,1.9824805
GGAAGGTGGCGAGA-1,1,842,1633.0,2.3270056
GGAATCTGAAGGGC-1,0,643,1734.0,2.1337948
GGAATCTGAGGAGC-1,0,1308,3501.0,1.1996573
GGAATCTGCTTAGG-1,2,595,1513.0,2.3132849
GGAATCTGCTTGTT-1,3,1181,3350.0,4.8656716
GGAATCTGGGAGGT-1,0,909,2668.0,0.78710645
GGAATGCTTTCTAC-1,0,710,2254.0,1.5084294
GGACAGGAAAGGGC-1,1,821,2177.0,3.812586
GGACAGGAGTGCTA-1,2,817,2028.0,2.4161735
GGACAGGATCTCGC-1,0,841,2191.0,1.232314
GGACCCGAAGCTAC-1,3,1197,3323.0,1.6250376
GGACCGTGCTTACT-1,3,640,1555.0,1.0932477
GGACCGTGGGAACG-1,4,1425,4455.0,2.8058362
GGACCGTGTAACGC-1,0,947,2914.0,2.2649279
GGACCTCTGTAAGA-1,3,900,2399.0,3.2513547
GGACCTCTTTTCTG-1,1,852,2024.0,3.063241
GGACGAGAGTGTCA-1,3,460,930.0,2.580645
GGACGCTGACGCAT-1,1,1100,3051.0,2.851524
GGACGCTGCTAGCA-1,0,824,3129.0,1.9814637
GGACGCTGTCCTCG-1,1,780,1529.0,1.3734467
GGAGAGACGTGAGG-1,0,932,2677.0,1.6062757
GGAGCAGATTCAGG-1,2,542,1324.0,2.7190332
GGAGCCACCTTCTA-1,2,1137,3351.0,1.5816175
GGAGCGCTACGCAT-1,3,1225,3766.0,1.4869888
GGAGCGCTCCGAAT-1,0,997,3246.0,1.1706716
GGAGGATGCCACCT-1,0,572,1585.0,0.9463723
GGAGGATGGTTGAC-1,3,780,1792.0,2.0089285
GGAGGATGTCAGTG-1,3,765,2009.0,2.3394725
GGAGGCCTCGTTGA-1,1,906,1941.0,1.5971148
GGAGGCCTTTCTTG-1,0,793,2408.0,2.1179402
GGAGGTGATACGCA-1,0,753,2326.0,2.1926053
GGAGGTGATCGCTC-1,0,772,1813.0,1.9305018
GGATACTGCAGCTA-1,0,854,2652.0,1.7345401
GGATACTGTCTAGG-1,0,936,2715.0,1.3627993
GGATAGCTCGTCTC-1,0,1048,3054.0,1.8336607
GGATAGCTCTGAAC-1,1,819,2053.0,3.1173892
GGATGTACCAAAGA-1,2,645,1887.0,1.6428193
GGATGTACGCGAAG-1,0,619,1595.0,1.5673982
GGATGTACGTCTTT-1,3,314,562.0,3.024911
GGATGTACGTGTCA-1,1,726,1638.0,3.1746035
GGATTTCTAGGTTC-1,0,737,1902.0,2.3133545
GGATTTCTTTGTCT-1,3,1162,3345.0,1.9431988
GGCAAGGAAAAAGC-1,1,1081,2377.0,2.1455617
GGCAAGGAAGAAGT-1,0,868,2711.0,1.7705643
GGCAAGGACTTGGA-1,3,1032,3094.0,2.2301228
GGCAAGGAGGACTT-1,0,913,2909.0,1.5812995
GGCAATACGCTAAC-1,2,476,1078.0,3.2467532
GGCAATACGGCATT-1,1,490,1109.0,2.4346259
GGCAATACGTTTCT-1,2,799,2079.0,2.2126024
GGCACGTGGCTTAG-1,3,1201,3600.0,1.3333334
GGCACTCTTTTGTC-1,0,997,2545.0,1.178782
GGCATATGCTTATC-1,1,898,1940.0,1.4948454
GGCATATGGGGAGT-1,5,212,575.0,1.2173914
GGCATATGTGTGAC-1,0,1586,5305.0,2.7144203
GGCCACGACAGAGG-1,0,427,891.0,3.030303
GGCCAGACTGGTTG-1,0,947,2564.0,1.677067
GGCCCAGAAAGTAG-1,3,937,2686.0,1.0796723
GGCCGAACAACGAA-1,0,724,2354.0,2.5913339
GGCCGAACGCAGAG-1,0,380,837.0,3.5842295
GGCCGAACGTAGGG-1,0,715,1809.0,2.100608
GGCCGAACTCTAGG-1,1,739,1494.0,0.6024096
GGCCGATGCAGGAG-1,0,931,2878.0,1.4246005
GGCCGATGCCGAAT-1,0,973,2616.0,1.3379205
GGCCGATGTACTCT-1,1,773,2608.0,2.4156442
GGCGACACTGCCCT-1,1,1497,4441.0,1.7563611
GGCGACTGCGTAAC-1,0,906,2524.0,0.7131537
GGCGCATGCCTAAG-1,3,798,2096.0,2.0515268
GGCGCATGCTCCAC-1,0,953,2535.0,0.71005917
GGCGCATGTGGAAA-1,0,471,1201.0,0.6661116
GGCGGACTAGAGGC-1,0,821,1760.0,1.7045455
GGCGGACTAGGAGC-1,1,806,1975.0,1.670886
GGCGGACTCTGACA-1,0,714,2076.0,1.4932562
GGCGGACTCTTGGA-1,1,828,1934.0,3.36091
GGCGGACTTACTGG-1,0,727,2404.0,3.1613975
GGCGGACTTGAACC-1,0,773,2112.0,1.6098485
GGCTAAACACCTGA-1,1,976,2434.0,0.53410023
GGCTAAACTCTTAC-1,0,856,2667.0,1.687289
GGCTAATGAGCACT-1,1,727,1650.0,1.878788
GGCTAATGGTCTAG-1,0,761,2255.0,2.0842574
GGCTCACTACTCAG-1,3,1084,3516.0,1.9055744
GGGAACGAAGCTCA-1,3,1557,4322.0,2.4988432
GGGAACGACACAAC-1,2,693,1713.0,1.8680677
GGGAACGAGTGTCA-1,3,559,1149.0,2.2628372
GGGAAGTGTTGAGC-1,3,627,1555.0,4.3086815
GGGACCACACGTTG-1,1,795,1863.0,2.6301663
GGGACCACAGAACA-1,0,750,2091.0,2.3433764
GGGACCACGAATAG-1,0,838,2385.0,1.2578616
GGGACCACGTCATG-1,0,803,2564.0,2.0670826
GGGACCACTCAAGC-1,0,453,1064.0,1.6917294
GGGACCACTCGTGA-1,0,734,2291.0,2.2697513
GGGACCACTGCATG-1,0,607,1933.0,1.7071909
GGGACCTGACCCTC-1,3,1029,3080.0,1.7532468
GGGACCTGCTTGCC-1,0,805,2340.0,1.9658121
GGGACCTGTGGAGG-1,2,669,1762.0,3.23496
GGGATGGACGACAT-1,2,505,1309.0,1.0695187
GGGATGGATACTTC-1,0,858,2272.0,2.7728872
GGGATGGATGGTTG-1,3,832,2068.0,2.3694391
GGGATTACGTCTAG-1,0,1019,3001.0,1.8660446
GGGCAAGATGCATG-1,3,585,1424.0,2.3876405
GGGCACACGGTGAG-1,3,1225,4258.0,3.4523249
GGGCACACGTTGCA-1,0,1287,4082.0,2.0823126
GGGCAGCTTGGGAG-1,1,903,2246.0,2.4487977
GGGCAGCTTTTCTG-1,0,752,2333.0,1.5859408
GGGCCAACCTTGGA-1,4,2020,8424.0,1.0565052
GGGCCAACGCGTTA-1,2,774,2178.0,2.571166
GGGCCAACTACGCA-1,3,666,1435.0,2.5783973
GGGCCAACTCCAAG-1,2,843,2440.0,1.8442624
GGGCCATGATGGTC-1,1,857,2486.0,3.3386967
GGGCCATGTTGACG-1,0,887,2262.0,1.6357206
GGGTAACTCAGCTA-1,0,1082,3430.0,2.0699708
GGGTAACTCTAGTG-1,2,656,1773.0,1.5228426
GGGTAACTCTGGAT-1,0,674,1948.0,1.9507186
GGGTTAACGTGCAT-1,1,911,1815.0,1.6528925
GGTAAAGAGCTAAC-1,1,734,1614.0,3.1598513
GGTACAACTGCAAC-1,0,910,2655.0,0.6779661
GGTACATGAAAGCA-1,2,672,1699.0,2.1777515
GGTACATGAGCTCA-1,1,802,1753.0,0.9127211
GGTACATGCGGTAT-1,0,539,1373.0,1.747997
GGTACATGGTTACG-1,0,699,1930.0,1.4507773
GGTACATGTGGGAG-1,0,941,2747.0,2.3298144
GGTACTGAACTCTT-1,3,828,2050.0,2.8292682
GGTAGTACACCACA-1,1,800,2290.0,2.6200874
GGTAGTACACTAGC-1,3,642,1655.0,3.021148
GGTAGTACCCTGTC-1,0,733,2091.0,1.9607844
GGTAGTACGCCATA-1,3,607,1347.0,1.55902
GGTAGTACTGTCTT-1,0,992,2748.0,1.2372634
GGTATCGAGACAAA-1,3,379,809.0,1.8541409
GGTATCGATGAACC-1,2,562,1508.0,2.055703
GGTCAAACCAAAGA-1,0,847,2392.0,1.1287626
GGTCTAGAGAAACA-1,3,787,2333.0,2.8289757
GGTCTAGATAGCGT-1,3,1461,4661.0,1.2014589
GGTGATACCGACTA-1,2,732,1698.0,2.4734983
GGTGATACGACTAC-1,3,941,2717.0,1.4354067
GGTGATACTGTTTC-1,0,785,2084.0,1.1996161
GGTGGAGAAACGGG-1,1,696,1397.0,1.717967
GGTGGAGAAGTAGA-1,0,795,1898.0,1.6859852
GGTGGAGACAGATC-1,1,809,1440.0,2.0138888
GGTGGAGATCGATG-1,0,828,2297.0,2.089682
GGTGGAGATCTCTA-1,3,651,1836.0,2.4509804
GGTGGAGATTACTC-1,1,882,2454.0,1.018745
GGTTTACTACGCAT-1,1,972,2346.0,2.2591646
GTAACGTGACCTCC-1,3,1323,4523.0,1.7908467
GTAACGTGATCGGT-1,2,679,1887.0,2.4377317
GTAACGTGCAGCTA-1,2,774,2109.0,1.6121384
GTAACGTGGTTGAC-1,2,784,2307.0,2.080624
GTAAGCACAACGGG-1,0,766,2030.0,0.83743846
GTAAGCACTCATTC-1,2,520,1138.0,2.108963
GTAAGCTGGTACCA-1,3,671,1450.0,2.8965518
GTAATAACCTTCTA-1,3,796,2208.0,3.5778985
GTAATAACGTTGTG-1,0,644,2118.0,2.549575
GTACCCTGACAGTC-1,3,1549,5050.0,1.6039604
GTACCCTGGAGCTT-1,0,756,2350.0,1.6595745
GTACCCTGTCCTTA-1,1,723,1631.0,1.8393623
GTACCCTGTGAACC-1,0,788,2511.0,2.4691358
GTACGTGAACGTTG-1,1,643,1742.0,2.8128588
GTACTTTGTCGACA-1,1,856,2420.0,2.6033058
GTAGACTGAGATGA-1,3,825,2139.0,2.8050492
GTAGACTGTATTCC-1,0,730,2008.0,1.0956175
GTAGCAACAGTCGT-1,3,831,2232.0,1.9713262
GTAGCAACCATTTC-1,2,653,1657.0,3.3796017
GTAGCAACGGTAGG-1,3,429,955.0,0.41884816
GTAGCATGCACTCC-1,2,641,1680.0,2.4404762
GTAGCATGTAAGCC-1,3,637,1544.0,4.1450777
GTAGCCCTGACGTT-1,0,812,2453.0,3.2205462
GTAGCTGAAGCTAC-1,3,1527,5103.0,2.723888
GTAGCTGAATTCGG-1,0,859,2430.0,2.2222223
GTAGGTACACGGGA-1,3,972,2858.0,1.7144856
GTAGTGACCTCATT-1,0,744,2328.0,1.7611685
GTAGTGTGAGCGGA-1,1,869,2056.0,1.5564202
GTAGTGTGAGGCGA-1,3,508,1148.0,2.3519163
GTAGTGTGTGGTTG-1,0,624,1969.0,0.8633824
GTATCACTGGTAGG-1,3,923,2503.0,2.756692
GTATCTACAGAAGT-1,1,976,2285.0,1.9693654
GTATCTACGACGAG-1,1,801,1939.0,1.7019082
GTATCTACGTTACG-1,0,1014,2808.0,3.0270655
GTATTAGAAACAGA-1,0,1429,3490.0,1.4326648
GTATTAGAGGTCTA-1,0,586,1410.0,1.4184396
GTATTCACACAGCT-1,0,692,1806.0,2.9900334
GTATTCACGGGTGA-1,1,704,1741.0,2.1252153
GTCAACGACACTGA-1,0,1176,3629.0,1.791127
GTCAACGAGTGTAC-1,3,806,2148.0,1.8621974
GTCAATCTACACCA-1,1,883,2273.0,2.4197097
GTCAATCTGTAGCT-1,1,1249,3336.0,3.207434
GTCAATCTTGTGGT-1,0,765,2261.0,0.66342324
GTCACCTGCCTCCA-1,0,743,2127.0,1.0343206
GTCACCTGTCCCGT-1,0,907,2796.0,2.4320457
GTCATACTAATCGC-1,2,666,1610.0,2.9813664
GTCATACTGCGATT-1,1,669,1457.0,0.6863418
GTCATACTTCGCCT-1,5,364,984.0,2.9471545
GTCATACTTTACCT-1,1,794,1861.0,1.8807093
GTCATACTTTGACG-1,0,959,2738.0,1.1687363
GTCCAAGAAAAACG-1,0,766,2261.0,1.3268465
GTCCACTGACCTCC-1,0,937,3332.0,1.1704681
GTCCACTGGGTACT-1,3,1398,4417.0,2.7846954
GTCCAGCTACGGGA-1,0,942,2634.0,1.2528473
GTCCCATGTGGTGT-1,3,1469,4746.0,2.528445
GTCGAATGAAGGCG-1,3,905,2120.0,2.2169812
GTCGACCTGAATGA-1,1,812,1550.0,2.0645163
GTCGACCTGTTCAG-1,0,572,1836.0,1.9607844
GTCGCACTTGAGAA-1,2,1378,4067.0,1.6474059
GTCTAACTGGTCTA-1,3,1058,3369.0,2.8791926
GTCTAGGAGCTTCC-1,3,1215,3654.0,2.1072798
GTGAACACACTCTT-1,0,697,2218.0,1.3525699
GTGAACACTCAGGT-1,0,531,1244.0,0.9646302
GTGACCCTTAAGCC-1,0,676,1896.0,1.5295359
GTGATGACAAGTGA-1,0,1819,6333.0,2.1159008
GTGATGACCTGAGT-1,2,503,1096.0,2.0072992
GTGATGACGGTTTG-1,1,801,2084.0,2.447217
GTGATTCTCATTTC-1,0,943,2569.0,0.93421566
GTGATTCTCTCTCG-1,3,874,2597.0,2.6569118
GTGATTCTGGTTCA-1,1,813,1657.0,1.6898009
GTGATTCTGTCGAT-1,0,694,1991.0,1.8081367
GTGATTCTTAGCGT-1,2,494,1344.0,2.455357
GTGCCACTCAGGAG-1,0,660,1897.0,0.89615184
GTGGATTGCACTAG-1,3,1467,4561.0,3.2229774
GTGGATTGCGGAGA-1,0,976,2774.0,2.2710888
GTGGATTGTAACGC-1,0,833,2765.0,1.880651
GTGTACGATCAGTG-1,0,689,1979.0,1.6675088
GTGTAGTGGGTACT-1,0,921,2627.0,2.740769
GTGTATCTAGCCTA-1,2,625,1434.0,2.4407253
GTGTATCTAGTAGA-1,1,1428,4444.0,2.0477047
GTGTATCTGTTACG-1,2,817,2122.0,1.602262
GTGTCAGAAGCGTT-1,1,909,2056.0,2.0914397
GTTAAAACCGAGAG-1,1,956,2019.0,0.842001
GTTAAATGCTCGAA-1,0,765,2651.0,2.2632968
GTTAAATGTCGACA-1,2,1207,3783.0,1.9561195
GTTAACCTAGCTAC-1,0,829,2450.0,2.6938775
GTTAACCTTGCTTT-1,4,1648,6102.0,1.6224189
GTTAGGTGCACTCC-1,0,554,1391.0,3.5226457
GTTAGGTGCCAGTA-1,3,1500,4975.0,2.6733668
GTTAGGTGCCCAAA-1,3,953,2189.0,0.59387845
GTTAGGTGGAACTC-1,2,647,1653.0,1.754386
GTTAGTCTAAGAAC-1,1,537,1154.0,4.3327556
GTTATAGAGGACAG-1,0,786,2053.0,1.6074038
GTTATGCTTTCATC-1,0,814,2431.0,1.8922255
GTTCAACTGGGACA-1,1,761,1503.0,2.129075
GTTCAACTTATGCG-1,0,862,2657.0,2.2205493
GTTGACGAGCCCTT-1,1,838,1899.0,0.94786733
GTTGACGATATCGG-1,1,1102,2264.0,1.9434628
GTTGAGTGGTCTTT-1,3,1392,4397.0,1.0689106
GTTGAGTGTGCTTT-1,0,1042,3840.0,1.953125
GTTGATCTGGGACA-1,0,372,944.0,0.42372882
GTTGATCTTTTCAC-1,1,971,2461.0,2.1535962
GTTGGATGTTTACC-1,3,1364,4438.0,2.5236595
GTTGTACTATTCCT-1,3,1137,3103.0,1.9658396
GTTGTACTTTTGGG-1,0,847,2404.0,2.246256
GTTTAAGACCATGA-1,3,935,2598.0,2.2709777
GTTTAAGACTGTCC-1,1,710,1584.0,2.209596
TAAACAACCAACCA-1,0,1070,3425.0,1.868613
TAAACAACGAATCC-1,2,914,2818.0,1.0645847
TAAAGACTCAGGAG-1,0,855,2375.0,1.5157895
TAAATCGATGAGGG-1,0,759,2036.0,1.9155207
TAACAATGTGCCCT-1,2,654,1343.0,1.5636634
TAACACCTTCGCTC-1,3,981,2755.0,1.4519056
TAACACCTTCGTAG-1,3,1193,3283.0,1.7666768
TAACACCTTGTTTC-1,5,397,1004.0,1.0956175
TAACATGACACTAG-1,2,1123,3390.0,1.9469026
TAACCGGACTTACT-1,0,616,2009.0,1.3439522
TAACGTCTCAACCA-1,3,747,1931.0,2.1750388
TAACGTCTCATTGG-1,0,876,2567.0,2.1425788
TAACTAGAATTTCC-1,0,949,2538.0,1.4184396
TAACTAGACTTAGG-1,0,965,2921.0,2.0198562
TAACTAGATCTGGA-1,0,789,2348.0,1.448041
TAACTCACGAGGAC-1,3,752,1922.0,4.058273
TAACTCACGTACAC-1,2,717,2011.0,2.6355047
TAACTCACGTATCG-1,3,1198,3807.0,1.9437877
TAACTCACTCTACT-1,1,952,2227.0,3.0085316
TAAGAACTGTGTCA-1,3,625,1730.0,3.7572253
TAAGAGGACTAAGC-1,2,784,2019.0,2.1297672
TAAGAGGACTTGTT-1,1,914,2061.0,1.5526444
TAAGATACGGTTCA-1,3,659,1465.0,0.9556314
TAAGATTGCGTAGT-1,0,913,2789.0,1.5776263
TAAGATTGTTGCTT-1,0,863,2289.0,1.2669288
TAAGCGTGAGGTTC-1,3,959,2838.0,2.2903454
TAAGCGTGGACAAA-1,3,1637,5192.0,2.0608628
TAAGCGTGGGAAAT-1,0,796,2330.0,1.1587983
TAAGCGTGTGCTCC-1,3,1508,4978.0,2.2298112
TAAGGCTGCCATGA-1,1,906,2361.0,2.4989412
TAAGGCTGCTGCTC-1,0,714,2147.0,1.583605
TAAGGCTGTCTCGC-1,3,1195,3420.0,2.134503
TAAGGGCTGCTGTA-1,0,867,1852.0,1.349892
TAAGGGCTTTACTC-1,0,819,2208.0,3.2155797
TAAGTAACCGAGAG-1,2,375,702.0,2.7065527
TAAGTAACCTCCAC-1,2,656,1740.0,3.3333335
TAAGTAACCTGTAG-1,0,1047,3397.0,2.7671475
TAAGTAACTTGTCT-1,0,745,2113.0,2.9342167
TAATGATGAGCGGA-1,0,866,2768.0,1.5534682
TAATGCCTCATGAC-1,0,1186,4189.0,0.95488185
TAATGCCTCGTCTC-1,1,1669,4213.0,1.9700925
TAATGTGAAGATGA-1,0,539,1314.0,1.4459665
TAATGTGACTGCAA-1,3,942,2532.0,2.172196
TAATGTGATTACTC-1,0,839,2326.0,2.8374891
TACAAATGGGTACT-1,0,927,2547.0,2.1986651
TACAATGAAAACAG-1,3,796,1995.0,1.60401
TACAATGACTTAGG-1,0,734,1948.0,1.6940452
TACAATGATGCTAG-1,1,831,2466.0,3.2846715
TACACACTCACACA-1,0,967,3128.0,2.3017902
TACACACTCTTACT-1,0,620,1246.0,3.210273
TACATAGAACGCAT-1,1,814,2223.0,3.5537562
TACATCACACGGGA-1,0,605,1622.0,1.6646115
TACATCACCTGTTT-1,3,1391,4202.0,3.6887195
TACATCACGCTAAC-1,2,655,1795.0,1.7827299
TACATCACTGAACC-1,3,1512,4605.0,1.2812161
TACCATTGAGGTTC-1,0,625,1535.0,1.4983714
TACCATTGCGGGAA-1,3,719,2071.0,3.0902946
TACCATTGGGGATG-1,3,547,1425.0,2.3157895
TACCATTGTGAGGG-1,3,864,2349.0,3.7037036
TACCGGCTGTTGGT-1,0,902,2809.0,2.776789
TACGAGTGATCTCT-1,0,853,2692.0,1.857355
TACGAGTGATGCTG-1,3,1143,3689.0,2.0059636
TACGAGTGCGGAGA-1,0,990,2265.0,1.7218543
TACGAGTGGTTGGT-1,0,858,2222.0,1.8451846
TACGATCTAGTGTC-1,0,604,1422.0,2.7426162
TACGATCTCACTGA-1,3,1291,4206.0,2.3537803
TACGATCTTACGAC-1,1,701,1686.0,2.787663
TACGCAGAGAATCC-1,1,859,2121.0,0.80150867
TACGCCACATTCCT-1,0,768,1967.0,0.6100661
TACGCCACTCCCAC-1,3,1621,5289.0,3.157497
TACGCCACTCCGAA-1,2,715,1857.0,2.1001616
TACGGAACGCGTTA-1,2,594,1380.0,2.246377
TACGGCCTGGGACA-1,1,783,1557.0,1.734104
TACGTACTACGGAG-1,0,1608,5282.0,1.4956455
TACGTACTCAGTTG-1,0,927,2993.0,1.6371534
TACGTACTCCCGTT-1,2,740,1937.0,1.9101703
TACGTTACAGAAGT-1,0,805,2256.0,1.4184396
TACGTTACCAAGCT-1,3,705,1701.0,2.5279248
TACTAAGAAAGGTA-1,2,491,988.0,1.417004
TACTAAGAATCACG-1,0,514,1219.0,3.1173093
TACTAAGATGATGC-1,3,768,1864.0,2.3068671
TACTAAGATTGCGA-1,0,880,2551.0,1.4896119
TACTACACGAGAGC-1,0,993,3236.0,0.92707044
TACTACACTTACCT-1,2,356,750.0,3.733333
TACTACTGAACCTG-1,3,748,1831.0,1.693064
TACTACTGATGTCG-1,1,993,2304.0,1.5625
TACTACTGATTCTC-1,0,801,2383.0,1.3008813
TACTACTGTATGGC-1,0,843,2843.0,2.8491032
TACTCAACGGTCTA-1,3,1194,3741.0,1.3900027
TACTCAACTGCTAG-1,2,794,2242.0,2.9438002
TACTCCCTCAGTTG-1,0,606,1556.0,1.1568123
TACTCTGAATCGAC-1,1,810,1986.0,1.8126888
TACTCTGACGAGTT-1,0,882,2524.0,1.8621236
TACTCTGATTGACG-1,2,682,1492.0,1.5415549
TACTGGGATCGATG-1,0,1126,3823.0,1.569448
TACTGTTGAAAGCA-1,0,792,1991.0,1.8081367
TACTGTTGAGGCGA-1,1,829,1701.0,2.7630806
TACTGTTGCTGAAC-1,2,1657,5201.0,3.1916938
TACTTGACTCCTCG-1,1,786,1705.0,1.6422286
TACTTGACTGGTGT-1,2,610,1599.0,1.9387116
TACTTTCTTTTGGG-1,1,664,1591.0,4.1483345
TAGAAACTAATCGC-1,0,790,2208.0,1.2228261
TAGAAACTGCTTCC-1,3,852,2211.0,2.351877
TAGAAACTGGGATG-1,1,678,1371.0,1.3129103
TAGAATTGCGACAT-1,0,589,1742.0,2.1239955
TAGAATTGTATCGG-1,0,930,3222.0,2.048417
TAGACGTGCTTGAG-1,0,690,1986.0,3.3736155
TAGACGTGTCGCTC-1,0,840,2593.0,1.0026996
TAGAGCACCTTACT-1,2,647,1444.0,2.0083103
TAGATTGACTTGTT-1,2,622,1594.0,3.4504392
TAGATTGAGGCATT-1,1,427,813.0,2.2140222
TAGCATCTCAGCTA-1,1,856,1700.0,1.2352941
TAGCATCTCCCTCA-1,0,522,1138.0,2.636204
TAGCATCTGCTGTA-1,3,1262,3628.0,2.232635
TAGCATCTGGGACA-1,0,722,2069.0,2.029966
TAGCATCTTGTCGA-1,0,641,1753.0,1.4831717
TAGCCCACAAAAGC-1,0,997,3164.0,1.3274336
TAGCCCACAGCCAT-1,1,983,2261.0,2.211411
TAGCCCACAGCTAC-1,1,1099,2171.0,2.9018884
TAGCCCACCCACAA-1,0,607,1986.0,2.2155085
TAGCCCTGCGGAGA-1,0,704,2044.0,4.892368
TAGCCGCTTACGAC-1,0,947,2796.0,1.2517883
TAGCCGCTTACTTC-1,1,886,2301.0,1.7383747
TAGCCGCTTTCCAT-1,3,1062,3331.0,2.2515762
TAGCTACTGAATAG-1,2,659,1645.0,1.1550152
TAGCTACTGTAGCT-1,0,995,2915.0,1.2692968
TAGCTACTTTTGCT-1,1,492,1079.0,2.6876738
TAGGACTGTGCTGA-1,0,754,1709.0,2.9842014
TAGGAGCTAAGGCG-1,2,676,2038.0,3.091266
TAGGAGCTGAGGGT-1,0,837,2596.0,1.8489984
TAGGAGCTTGCATG-1,2,532,1163.0,0.7738607
TAGGCAACCGTCTC-1,2,598,1691.0,1.7149616
TAGGCATGCTCTCG-1,4,1274,3106.0,1.3522215
TAGGCATGGCGAGA-1,1,921,2403.0,1.2068248
TAGGCTGATGCCTC-1,3,700,1640.0,1.4634147
TAGGGACTGAACTC-1,1,828,1919.0,2.7618551
TAGGTCGACACTGA-1,0,828,2469.0,2.1871204
TAGGTCGAGGATCT-1,2,543,1221.0,2.047502
TAGGTGACACACTG-1,0,815,1991.0,3.6664991
TAGGTGACACGTTG-1,2,709,1889.0,3.8644786
TAGGTGTGTTCTGT-1,0,842,1726.0,3.012746
TAGGTTCTGAAGGC-1,0,1200,3539.0,1.8931901
TAGGTTCTTCTTAC-1,3,1126,3246.0,2.4645717
TAGGTTCTTGCTGA-1,3,1327,3808.0,1.8119749
TAGTAAACCTCGCT-1,0,849,2781.0,1.9057893
TAGTAAACGTCACA-1,0,1160,4046.0,2.125556
TAGTAATGAGATCC-1,0,707,1814.0,0.82690185
TAGTACCTAAGAAC-1,3,675,1663.0,1.8641009
TAGTATGATCTTAC-1,2,709,1833.0,3.055101
TAGTATGATTCTCA-1,0,990,3358.0,2.0250149
TAGTCTTGGCTGTA-1,0,270,652.0,0.0
TAGTCTTGGGACTT-1,0,445,945.0,1.6931217
TAGTCTTGTGGAAA-1,1,892,2207.0,3.5342093
TAGTGGTGAAGTGA-1,1,1040,2006.0,3.5892322
TAGTTAGAACCACA-1,1,832,1737.0,1.5544041
TAGTTAGATGAACC-1,0,815,2217.0,1.5336039
TATAAGACAACAGA-1,0,437,982.0,4.887984
TATAAGACAGCTCA-1,3,1401,4150.0,2.192771
TATAAGTGACACCA-1,3,1341,3900.0,4.307692
TATAAGTGTATCGG-1,3,480,973.0,1.6443988
TATAAGTGTGGTGT-1,3,1517,4913.0,2.4424994
TATACAGAACCCTC-1,1,704,1976.0,2.3785424
TATACAGAAGAACA-1,0,622,1662.0,1.5643803
TATACAGATCCAGA-1,0,823,2249.0,1.8230325
TATACCACCTGATG-1,2,731,1972.0,3.397566
TATACGCTACCAAC-1,0,781,2144.0,1.4925373
TATAGATGGACGGA-1,0,849,2088.0,1.4367816
TATAGATGTTCCGC-1,3,1209,3650.0,3.1506848
TATCCAACCAGCTA-1,3,472,1074.0,1.4897579
TATCCAACTCTCTA-1,1,838,1973.0,2.7369487
TATCGACTACTAGC-1,1,643,1478.0,2.503383
TATCGACTCGATAC-1,3,1101,3151.0,2.6023486
TATCGTACAGATGA-1,1,879,2185.0,2.5171626
TATCGTACATTCCT-1,3,895,2324.0,2.4096384
TATCTCGAGAGATA-1,0,408,1174.0,1.362862
TATCTGACAGGTTC-1,1,832,1888.0,2.4894068
TATCTGACTGTTTC-1,1,845,2662.0,1.2772352
TATCTTCTAAACAG-1,0,928,3051.0,2.0648968
TATGAATGGAGGAC-1,1,920,2033.0,1.0329562
TATGAATGTTTGCT-1,3,1269,3725.0,2.577181
TATGCGGATAACCG-1,0,652,1373.0,3.350328
TATGGGTGCATCAG-1,1,1463,3551.0,1.1827654
TATGGGTGCTAGCA-1,2,840,2023.0,2.3232822
TATGGTCTCTACCC-1,0,706,1898.0,2.4762907
TATGTCACGGAACG-1,2,956,3336.0,2.5479617
TATGTCACTAACCG-1,3,1219,3467.0,1.817133
TATGTCACTTCTCA-1,2,612,1388.0,2.9538906
TATGTGCTCCGATA-1,3,970,2912.0,1.6483518
TATGTGCTGGATTC-1,0,789,2276.0,0.83479786
TATTGCTGAAGAAC-1,3,382,805.0,3.8509316
TATTGCTGCCGTTC-1,2,533,1289.0,4.88751
TATTGCTGTCTGGA-1,0,627,2093.0,2.1022456
TATTGCTGTGCACA-1,1,388,780.0,3.0769231
TATTTCCTATTGGC-1,3,655,1638.0,1.892552
TATTTCCTGGAGGT-1,1,1103,2265.0,1.8101546
TATTTCCTGGTGTT-1,0,782,2209.0,0.905387
TCAACACTGTTTGG-1,1,1231,2765.0,2.4231465
TCAAGGACAGCGTT-1,0,617,1738.0,1.4959724
TCAAGGACATTCTC-1,1,589,1218.0,1.8062398
TCAAGGACGGTGTT-1,3,758,2074.0,1.0125362
TCAATCACACTCTT-1,1,882,2134.0,2.764761
TCAATCACAGTCGT-1,3,909,2583.0,3.2133176
TCACAACTATGTGC-1,0,661,1839.0,1.9575857
TCACAACTTTGCTT-1,3,558,1300.0,3.3846154
TCACATACACTTTC-1,0,947,2580.0,1.5891473
TCACATACAGGGTG-1,0,491,1203.0,1.6625104
TCACCCGAGACGGA-1,3,1386,4220.0,2.156398
TCACCGTGCTCGCT-1,3,1481,4576.0,3.4965034
TCACCTCTACGACT-1,1,823,2131.0,3.613327
TCACCTCTTCCAAG-1,3,1064,2765.0,2.567812
TCACGAGAGGAGGT-1,2,681,1644.0,1.946472
TCACTATGGGGCAA-1,1,652,1431.0,1.8867924
TCACTATGGTTGTG-1,2,363,808.0,0.6188119
TCAGACGACGCTAA-1,0,824,2309.0,1.255955
TCAGACGACGTTAG-1,1,933,2038.0,1.9136409
TCAGAGACTCCAGA-1,0,611,2093.0,1.4811275
TCAGCAGACTCCAC-1,0,886,2640.0,1.0984849
TCAGCGCTCTAGTG-1,1,806,1781.0,2.695115
TCAGCGCTGGATCT-1,2,531,1276.0,2.0376177
TCAGCGCTGGTATC-1,1,864,2363.0,3.0046551
TCAGGATGAAGTAG-1,0,648,1623.0,1.2322859
TCAGGATGCCTTTA-1,3,1142,3122.0,2.5944908
TCAGTGGAAGATCC-1,1,736,1688.0,1.8957347
TCAGTTACCTACGA-1,3,955,2574.0,2.6806526
TCAGTTACTAGAAG-1,0,826,2239.0,1.2505583
TCATCAACCCGATA-1,0,725,2340.0,2.2222223
TCATCAACTGTTCT-1,3,1174,4052.0,2.739388
TCATCATGCAGTTG-1,0,841,2220.0,1.3513514
TCATCCCTTACTGG-1,0,1006,2834.0,1.3761468
TCATTCGATACAGC-1,3,1418,4631.0,2.979918
TCCACGTGGAAACA-1,0,955,3201.0,1.5932521
TCCACTCTACACTG-1,0,829,2049.0,0.6832601
TCCACTCTGAGCTT-1,3,1038,3186.0,2.5109856
TCCACTCTTACTTC-1,2,632,1502.0,0.73235685
TCCATAACAAAGTG-1,0,750,2226.0,2.2461815
TCCATAACCGTAGT-1,2,846,2093.0,1.0033444
TCCATAACGATGAA-1,0,1033,2555.0,1.6046968
TCCATAACTACGCA-1,0,859,2497.0,1.7621145
TCCATCCTCCCTAC-1,1,890,2010.0,2.1393034
TCCCACGATCATTC-1,0,893,2636.0,1.0622154
TCCCATCTCAAAGA-1,3,1030,3217.0,1.9894311
TCCCGAACACAGTC-1,1,913,1722.0,3.5423927
TCCCGAACTTCGCC-1,3,1385,4180.0,2.4162679
TCCCGATGAGATCC-1,0,750,1773.0,2.0868585
TCCCGATGCCTGAA-1,3,416,810.0,2.0987654
TCCCTACTCAACTG-1,2,703,1717.0,1.456028
TCCGAAGACAATCG-1,3,522,1103.0,1.631913
TCCGAAGACGTTAG-1,0,856,2866.0,1.7445918
TCCGGACTGAGGTG-1,0,914,2387.0,0.8797654
TCCGGACTGTACGT-1,1,742,1942.0,2.6261587
TCCTAAACATCGAC-1,0,381,893.0,0.7838746
TCCTAAACCGAGAG-1,0,1079,3321.0,2.649804
TCCTAAACCGCATA-1,1,671,1386.0,2.1645021
TCCTAATGGTTTGG-1,1,1101,2660.0,1.6917294
TCCTACCTGTCGTA-1,0,858,2508.0,1.0366826
TCCTATGAAAAGCA-1,1,663,1545.0,2.2006474
TCGAATCTCTGGTA-1,1,581,1305.0,2.3754787
TCGACCTGCCGATA-1,3,845,2173.0,1.4726186
TCGACGCTTCTATC-1,3,881,2541.0,1.0232192
TCGACGCTTTGACG-1,0,823,2196.0,3.187614
TCGAGAACGACAGG-1,0,835,2496.0,4.3269234
TCGAGAACGTTAGC-1,0,1290,3384.0,1.5957447
TCGAGCCTATCAGC-1,2,598,1489.0,2.2162526
TCGAGCCTGCGAGA-1,1,1130,3237.0,2.4405313
TCGAGCCTTGTGAC-1,0,793,2608.0,3.3358893
TCGATACTATTCCT-1,1,838,2486.0,1.367659
TCGATACTTGCACA-1,0,765,1825.0,2.1369863
TCGATTTGATGCCA-1,3,768,2116.0,1.1814746
TCGATTTGCACTCC-1,0,815,2506.0,1.0774142
TCGATTTGCAGCTA-1,1,810,1686.0,2.3724792
TCGATTTGCCTACC-1,3,912,2281.0,2.8057868
TCGATTTGTCGTGA-1,2,818,2737.0,1.8633541
TCGCAGCTAGATCC-1,1,790,2098.0,2.383222
TCGCCATGAGACTC-1,0,665,1864.0,1.7703863
TCGCCATGTGGTCA-1,2,703,1582.0,1.7699115
TCGGACCTAACAGA-1,0,875,2910.0,1.1340207
TCGGACCTATAAGG-1,2,657,1368.0,1.1695907
TCGGACCTGTACAC-1,0,1567,5600.0,1.4285715
TCGGTAGAGTAGGG-1,0,688,2104.0,1.5209125
TCGGTAGATCCCAC-1,2,749,2177.0,1.7455213
TCGTAGGATCGACA-1,0,1076,2905.0,3.1325302
TCGTTATGGACAAA-1,0,782,2162.0,1.2488437
TCTAACACCAGTTG-1,1,543,1090.0,3.6697247
TCTAACACGAGCAG-1,4,1100,3182.0,1.6027656
TCTAACTGAACCAC-1,0,841,2303.0,2.648719
TCTAAGCTAATGCC-1,0,809,2515.0,1.2723658
TCTAAGCTTAGTCG-1,1,789,1791.0,1.7867112
TCTAAGCTTCTAGG-1,3,1263,3782.0,1.6922263
TCTAAGCTTGTTCT-1,3,758,2052.0,2.4853802
TCTAAGCTTTCGCC-1,2,368,686.0,0.8746356
TCTACAACGACTAC-1,3,1022,2564.0,2.2620904
TCTAGACTTAGAAG-1,3,730,1834.0,3.7077427
TCTAGTTGCACCAA-1,3,1101,3303.0,1.3321223
TCTATGTGAAGAGT-1,3,478,1131.0,1.6799294
TCTATGTGAGTCTG-1,1,488,951.0,2.9442692
TCTCAAACCTAAGC-1,2,618,1479.0,1.6903313
TCTCTAGAATTTCC-1,0,940,2723.0,1.2118987
TCTGATACACGTGT-1,0,771,2225.0,2.0674157
TCTGATACTCGCCT-1,0,784,2451.0,3.3455734
TCTTACGAACCTGA-1,3,847,2156.0,2.5046382
TCTTCAGAGCTACA-1,3,1303,3625.0,1.9586208
TCTTGATGCGGAGA-1,1,821,2273.0,2.199736
TGAAATTGGTGAGG-1,3,1111,3348.0,2.4790921
TGAACCGAAAACGA-1,0,752,2185.0,2.6086955
TGAACCGACTACTT-1,3,1128,2913.0,1.4418126
TGAACCGATTCGGA-1,3,958,2871.0,2.020202
TGAAGCACTCACGA-1,1,742,1917.0,2.5560772
TGAAGCTGAACGAA-1,0,782,2514.0,2.108194
TGAAGCTGCATGGT-1,2,824,2029.0,1.9221292
TGAAGCTGCGTAAC-1,0,751,2178.0,2.3875115
TGAATAACCACTTT-1,0,872,2591.0,1.7367812
TGAATAACTCCCAC-1,1,939,2142.0,4.528478
TGACACGACCTTAT-1,2,606,1510.0,1.9205298
TGACCAGACAACCA-1,0,698,1800.0,1.1111112
TGACCAGAGGATTC-1,0,705,1923.0,2.4440978
TGACCGCTAAAAGC-1,0,963,3021.0,1.4233698
TGACCGCTCTGCAA-1,0,607,1926.0,1.6095533
TGACGATGCAAAGA-1,3,621,1634.0,1.7135862
TGACGCCTGTACCA-1,0,1650,5159.0,2.9656909
TGACGCCTTTACTC-1,0,1093,2613.0,0.8802143
TGACTGGAAGAGAT-1,3,545,1442.0,2.21914
TGACTGGACCGTAA-1,0,670,1494.0,0.46854085
TGACTGGACGCAAT-1,0,617,1756.0,1.6514806
TGACTGGAGGACAG-1,2,723,1852.0,2.1598272
TGACTGGATTCTCA-1,0,1194,4076.0,1.9627085
TGACTTACACACCA-1,0,1019,3324.0,0.9025271
TGACTTACAGTCTG-1,3,1291,4136.0,1.910058
TGACTTTGCGCATA-1,0,758,2348.0,1.362862
TGACTTTGTTTGTC-1,0,855,2289.0,1.5727391
TGAGACACAAGGTA-1,0,1549,5138.0,1.3234721
TGAGACACTCAAGC-1,1,743,1816.0,3.9647574
TGAGCTGAATGCTG-1,3,1372,4165.0,2.0408163
TGAGCTGACTGGAT-1,3,802,2132.0,3.283302
TGAGCTGATGCTAG-1,3,337,661.0,3.3282905
TGAGGACTCTCATT-1,3,1121,3669.0,4.0337963
TGAGGACTTCATTC-1,0,1028,3089.0,1.8452574
TGAGGTACGAACCT-1,3,1524,4755.0,2.8601472
TGAGTCGAGTTACG-1,2,645,1377.0,2.4691358
TGAGTGACTGAGCT-1,0,847,2457.0,1.9129019
TGATAAACGAATCC-1,0,866,2519.0,2.1437078
TGATAAACTCCGTC-1,1,941,2068.0,1.7891682
TGATAAACTTTCAC-1,0,751,1922.0,1.8210196
TGATACCTCACTAG-1,3,583,1506.0,1.3280213
TGATACCTGTTGGT-1,0,796,2216.0,1.534296
TGATACCTTATGCG-1,0,793,2264.0,2.3409894
TGATACCTTGAAGA-1,0,975,3063.0,1.2732614
TGATATGAACCTTT-1,0,936,2958.0,1.7241379
TGATCACTAGCATC-1,1,524,1110.0,4.5945945
TGATCACTCTCGCT-1,0,659,1843.0,2.4416711
TGATCACTTCTACT-1,2,607,1756.0,2.6765375
TGATCGGACTGACA-1,3,1433,4211.0,3.6333413
TGATCGGAGGAGCA-1,2,562,1352.0,1.2573965
TGATCGGATATGCG-1,3,696,1526.0,3.6697247
TGATTAGACATTGG-1,0,927,2278.0,1.3169447
TGATTAGATGACTG-1,2,517,1175.0,2.9787235
TGATTAGATGCTAG-1,0,719,2242.0,1.8287244
TGATTCACTATGCG-1,0,599,1901.0,2.3145714
TGATTCACTGTCAG-1,2,639,1733.0,1.5002885
TGATTCTGCCGAAT-1,0,977,3102.0,1.8052869
TGATTCTGCTCTTA-1,0,1019,2820.0,1.3829787
TGCAAGTGAGAACA-1,0,816,2063.0,2.908386
TGCAAGTGGGTAGG-1,3,672,1705.0,1.8181818
TGCAATCTTCAGGT-1,4,1903,6317.0,1.693842
TGCACAGACGACAT-1,1,1162,2463.0,2.8014617
TGCCAAGAGCAGTT-1,3,964,2914.0,1.6129031
TGCCAAGATCTCTA-1,0,936,3094.0,1.7453136
TGCCACTGAACGTC-1,0,947,2656.0,0.75301206
TGCCACTGCGATAC-1,1,989,1949.0,1.2827091
TGCCAGCTTGGCAT-1,0,790,2184.0,1.3736264
TGCCCAACAGCAAA-1,0,902,2794.0,1.2168933
TGCCCAACCGCATA-1,3,982,2799.0,3.251161
TGCCGACTCTCCCA-1,2,673,1904.0,2.2058823
TGCGAAACAGTCAC-1,2,856,2339.0,2.4796922
TGCGAAACGTTGCA-1,2,629,1420.0,3.2394364
TGCGATGAACGGTT-1,0,692,1829.0,2.2963367
TGCGATGACCTCGT-1,0,843,2220.0,2.027027
TGCGATGACTAGTG-1,2,940,2846.0,1.8973999
TGCGATGACTGCTC-1,2,795,2314.0,1.9446846
TGCGATGACTTGCC-1,2,780,1951.0,1.2813941
TGCGATGAGTGCTA-1,3,821,1915.0,2.3498695
TGCGCACTCTTGAG-1,3,471,1059.0,1.7941455
TGCGTAGAATAAGG-1,3,702,1588.0,2.833753
TGCGTAGACGGGAA-1,2,631,1553.0,2.189311
TGCGTAGATGGTCA-1,3,1557,5486.0,2.770689
TGCTAGGAAACCGT-1,0,868,2223.0,2.4291499
TGCTAGGATAGTCG-1,0,901,3056.0,1.7342932
TGCTATACGGTTCA-1,4,798,2123.0,2.5435705
TGCTATACTGCTGA-1,1,1020,2583.0,2.942315
TGCTGAGAGAGCAG-1,1,885,1992.0,3.4136546
TGCTGAGATTATCC-1,0,881,2754.0,1.416122
TGGAAAGACTCTCG-1,2,719,1918.0,2.4504693
TGGAAAGAGCGATT-1,0,1043,2879.0,1.1462313
TGGAAAGAGGTCAT-1,3,1238,3494.0,3.5489411
TGGAAAGATATGGC-1,0,565,1647.0,2.428658
TGGAACACAAACAG-1,1,776,1467.0,2.9993184
TGGAACACGCTAAC-1,1,696,1655.0,2.4773414
TGGAAGCTCAGATC-1,0,725,1931.0,1.3464526
TGGACCCTACACTG-1,3,365,696.0,1.8678161
TGGACCCTCATGGT-1,1,811,1912.0,2.3535564
TGGACCCTGGTACT-1,3,1212,3734.0,3.133369
TGGACTGAGTATGC-1,0,1178,3267.0,1.7141107
TGGAGACTATCAGC-1,3,1132,3293.0,1.4880049
TGGAGACTTCAAGC-1,0,661,2015.0,0.9925558
TGGAGACTTGACCA-1,1,831,2131.0,1.2670108
TGGAGGGACGGAGA-1,3,786,2106.0,2.374169
TGGAGGGAGCTATG-1,0,471,1147.0,1.3949434
TGGATCGATAAAGG-1,0,835,2568.0,0.9735202
TGGATGTGACCTAG-1,2,564,1634.0,2.2031822
TGGATGTGTGAAGA-1,2,929,2635.0,1.8975332
TGGATTCTCATACG-1,1,958,2451.0,2.5703795
TGGCAATGCTTGTT-1,2,706,1726.0,2.5492468
TGGCACCTTCACGA-1,0,388,768.0,2.6041665
TGGCACCTTCAGTG-1,3,842,1808.0,1.9358407
TGGGTATGAAGAGT-1,0,965,3115.0,1.41252
TGGGTATGCACAAC-1,0,1088,3100.0,1.4193549
TGGGTATGGTACGT-1,2,511,1137.0,1.8469658
TGGGTATGTTTGGG-1,3,794,2341.0,1.9649721
TGGTAGACATGCCA-1,0,900,2963.0,1.5524806
TGGTAGACCCTCAC-1,1,865,1802.0,2.8301888
TGGTAGACCTGATG-1,0,789,1696.0,1.120283
TGGTAGTGCACTGA-1,3,504,1111.0,1.170117
TGGTATCTAAACAG-1,0,701,2095.0,1.8138425
TGGTATCTCTTCCG-1,0,817,2483.0,2.053967
TGGTCAGACCCAAA-1,0,796,1948.0,1.9507186
TGGTTACTGACGTT-1,3,972,2738.0,0.58436817
TGGTTACTGTTCTT-1,0,906,2611.0,2.1447723
TGTAACCTAGAGGC-1,0,871,2765.0,1.6636528
TGTAACCTTGCCTC-1,3,922,2337.0,2.9952931
TGTAATGACACAAC-1,1,724,1462.0,1.4363885
TGTAATGAGGTAAA-1,1,628,1205.0,1.4107884
TGTACTTGCTCTAT-1,3,1479,4907.0,1.6710821
TGTAGGTGCGAGAG-1,2,533,1144.0,3.1468532
TGTAGGTGCTATGG-1,0,1101,4234.0,2.4799244
TGTAGGTGCTCTAT-1,4,1913,6287.0,2.7198982
TGTAGGTGTGCTGA-1,0,855,2544.0,2.0833335
TGTAGTCTTCCAGA-1,0,1266,4154.0,1.3962445
TGTAGTCTTGCACA-1,1,884,2177.0,3.4910426
TGTATCTGTTAGGC-1,0,817,1996.0,1.3527055
TGTATGCTCATGGT-1,2,619,1479.0,3.245436
TGTATGCTGTAGGG-1,0,591,1455.0,2.1305842
TGTATGCTTTCATC-1,0,685,1968.0,2.1849594
TGTCAGGAATACCG-1,0,887,2767.0,3.1803396
TGTCAGGAGATGAA-1,3,1336,4083.0,1.9838353
TGTCTAACCCCTTG-1,0,656,1978.0,2.7805865
TGTGACGATTCTCA-1,1,1227,3098.0,1.5493867
TGTGAGACTGTCAG-1,3,980,2666.0,1.5753938
TGTGAGACTTGAGC-1,0,817,2447.0,2.3702493
TGTGAGTGACCACA-1,0,582,1583.0,3.1585596
TGTGAGTGAGTGCT-1,3,1370,4110.0,2.0437956
TGTGAGTGGAGATA-1,1,460,969.0,0.7223942
TGTGATCTCTCTAT-1,2,638,1690.0,2.95858
TGTGATCTGACACT-1,1,471,1108.0,3.8808663
TGTGGATGGCCAAT-1,2,650,1945.0,2.6735218
TGTTAAGACAAAGA-1,3,414,848.0,1.7688679
TGTTAAGATAAGGA-1,3,907,2173.0,3.3133917
TGTTACACCGCATA-1,3,1147,3410.0,1.8475072
TGTTACACGACTAC-1,3,732,1953.0,3.0721967
TGTTACTGGCTACA-1,1,992,2483.0,3.0205398
TGTTACTGTAGTCG-1,1,801,1772.0,3.442438
TTAACCACCGTAAC-1,0,822,2192.0,2.7372262
TTAACCACTAAGGA-1,1,529,1198.0,1.9198663
TTAACCACTCAGAC-1,1,737,1828.0,2.9540482
TTACACACGTGTTG-1,0,806,2613.0,1.5690777
TTACACACTCCTAT-1,0,816,2508.0,2.1929824
TTACCATGAATCGC-1,3,889,2421.0,3.3044198
TTACCATGGTTGAC-1,0,1305,4142.0,1.0140029
TTACCATGTGTCTT-1,0,588,1123.0,3.2947462
TTACCATGTTGTGG-1,2,657,1548.0,1.4211887
TTACGACTGAGAGC-1,0,1154,3288.0,1.7335767
TTACGACTTGACAC-1,3,713,1902.0,2.208202
TTACGTACGTTCAG-1,5,326,947.0,2.745512
TTACTCGAAGAATG-1,3,1129,3863.0,2.5886617
TTACTCGACGCAAT-1,4,1603,5031.0,2.4845955
TTACTCGAGGGTGA-1,0,879,2549.0,2.1184778
TTACTCGATCTACT-1,1,1156,2551.0,1.7248139
TTAGAATGTGGTGT-1,0,642,1740.0,1.7241379
TTAGAATGTGTAGC-1,0,285,627.0,3.3492823
TTAGACCTCCTACC-1,0,825,2485.0,4.3460765
TTAGACCTCCTTTA-1,3,823,2311.0,1.5144958
TTAGCTACAACCGT-1,0,719,2101.0,2.094241
TTAGCTACTGTCCC-1,3,1253,3703.0,1.8633541
TTAGCTACTTTCGT-1,0,971,2921.0,4.313591
TTAGGGACGCGAAG-1,1,853,2200.0,2.3636363
TTAGGGTGCTGGAT-1,2,916,2846.0,1.6865777
TTAGGGTGTCCTGC-1,3,1053,2734.0,3.1089978
TTAGGTCTACTTTC-1,3,515,1106.0,3.4358046
TTAGTCACCAGTTG-1,0,1017,2674.0,1.5706805
TTAGTCTGAAAGCA-1,2,953,2747.0,3.021478
TTAGTCTGCCAACA-1,1,832,1735.0,2.4207494
TTAGTCTGTGCACA-1,0,645,1692.0,4.0189123
TTATCCGACTAGTG-1,2,667,1903.0,2.4697845
TTATCCGAGAAAGT-1,3,1326,4231.0,3.1907349
TTATGAGAGATAAG-1,0,547,1293.0,2.7842228
TTATGCACGTCACA-1,2,636,1590.0,1.8238994
TTATGGCTTATGGC-1,4,1783,6165.0,2.2060015
TTATTCCTATGCTG-1,3,1211,3963.0,2.1953065
TTATTCCTGGACAG-1,2,788,2514.0,1.3126491
TTATTCCTGGTACT-1,2,807,2496.0,2.4439101
TTATTCCTTCGTGA-1,0,1104,3207.0,2.4633615
TTCAAAGATAAAGG-1,1,884,2385.0,2.3899372
TTCAACACAACAGA-1,0,848,2430.0,1.1934156
TTCAACACCCCAAA-1,3,788,2094.0,2.3877745
TTCAACACGGACGA-1,3,1013,2584.0,2.012384
TTCAAGCTAAGAAC-1,3,1003,2641.0,2.6126466
TTCAAGCTAGATGA-1,0,916,2974.0,2.3537323
TTCAAGCTGTTGAC-1,0,818,2375.0,1.9789474
TTCAAGCTTGATGC-1,0,828,2404.0,1.6222961
TTCAAGCTTTCGCC-1,0,882,2878.0,2.8144543
TTCACAACCCGTTC-1,3,959,2526.0,0.9501188
TTCACAACGTCTGA-1,3,395,678.0,0.58997047
TTCAGACTACCCAA-1,0,368,789.0,3.6755388
TTCAGACTCTCGAA-1,0,787,2264.0,0.9717314
TTCAGTACCGACTA-1,0,929,2769.0,1.7334778
TTCAGTACTCAAGC-1,0,1379,5220.0,2.2605364
TTCAGTACTCCTAT-1,3,711,1850.0,2.8648648
TTCAGTTGCCAAGT-1,0,733,2003.0,2.3964052
TTCAGTTGTCCTTA-1,4,752,1975.0,0.8607595
TTCAGTTGTCTAGG-1,0,464,1031.0,1.1639185
TTCAGTTGTCTCGC-1,2,626,1865.0,1.7694371
TTCATCGAGGTGGA-1,3,735,1914.0,1.4629049
TTCATGTGTGGTGT-1,0,946,3025.0,1.8512396
TTCATTCTATGTCG-1,3,876,2625.0,1.4476191
TTCATTCTTCTCTA-1,0,647,1986.0,3.8267877
TTCCAAACCTATGG-1,3,536,1057.0,1.229896
TTCCAAACCTCCCA-1,2,954,2726.0,1.3206162
TTCCAAACTCCCAC-1,1,486,793.0,1.6393442
TTCCAAACTTGACG-1,1,712,1647.0,2.9751062
TTCCATGACGAGAG-1,3,786,1840.0,3.2608695
TTCCATGACTGTCC-1,0,438,1050.0,2.9523811
TTCCCACTTGAGGG-1,1,807,1520.0,2.3026316
TTCCCACTTGTCTT-1,3,1016,3163.0,1.8020866
TTCCTAGAAAGTGA-1,0,551,1552.0,0.38659793
TTCCTAGACTAGTG-1,3,841,1943.0,1.2352033
TTCGAGGACTCTAT-1,0,929,2746.0,2.2942462
TTCGAGGAGGGCAA-1,0,757,1816.0,1.6519824
TTCGAGGATAGAAG-1,3,971,2749.0,2.6918879
TTCGATTGAGCATC-1,0,708,1910.0,1.5183246
TTCGGAGAATGCCA-1,3,567,1191.0,2.854744
TTCGGAGATGTGCA-1,0,881,2412.0,1.1608624
TTCGTATGAAAAGC-1,1,801,1991.0,1.6072326
TTCGTATGGATAGA-1,1,873,1983.0,1.3111447
TTCGTATGGTCTGA-1,0,805,2258.0,2.8786535
TTCGTATGTCCTTA-1,3,1359,4348.0,2.0009198
TTCTACGAACGTAC-1,0,866,2494.0,1.3231757
TTCTACGAGTTGGT-1,0,945,2589.0,1.2359984
TTCTAGTGACACGT-1,0,1068,3018.0,1.0271703
TTCTAGTGCATGAC-1,3,819,2073.0,3.5697057
TTCTAGTGGAGAGC-1,1,815,1586.0,2.8373265
TTCTAGTGGTCACA-1,3,1058,2832.0,1.4830508
TTCTCAGAAGAGAT-1,0,845,2189.0,1.6902695
TTCTCAGAAGCATC-1,2,881,2497.0,2.1225471
TTCTCAGATGGAGG-1,0,1051,2643.0,0.71888006
TTCTGATGGAGACG-1,1,1179,2434.0,1.8898932
TTCTTACTCTGGAT-1,3,718,1741.0,2.240092
TTGAACCTCCTTGC-1,2,657,1746.0,1.489118
TTGAATGAACTACG-1,3,882,2289.0,2.402796
TTGAATGACTTACT-1,0,709,2102.0,1.6650809
TTGAATGATCTCAT-1,2,754,2015.0,1.7369727
TTGACACTCTGTAG-1,0,735,1943.0,1.3381369
TTGACACTGATAAG-1,2,603,1315.0,2.661597
TTGAGGACAGAACA-1,3,944,2956.0,2.909337
TTGAGGACTACGCA-1,4,1794,6344.0,2.4432535
TTGAGGTGGACGGA-1,0,712,2011.0,1.0442566
TTGCATTGAGCTAC-1,1,721,1991.0,1.7579106
TTGCATTGCTAAGC-1,3,1097,3248.0,4.9876847
TTGCATTGTGACTG-1,0,813,2441.0,1.7206063
TTGCTAACACCAAC-1,1,788,1921.0,2.134305
TTGCTAACACGCTA-1,3,917,2576.0,1.9798137
TTGCTAACCACTCC-1,0,656,1943.0,2.2645392
TTGCTATGGTACGT-1,3,1104,3109.0,2.0585396
TTGCTATGGTAGGG-1,3,1268,3406.0,2.4075162
TTGGAGACCAATCG-1,0,1239,4166.0,1.1761882
TTGGAGACGCTATG-1,3,862,2662.0,2.4042075
TTGGAGACTATGGC-1,2,739,1779.0,2.866779
TTGGGAACTGAACC-1,0,858,2652.0,2.111614
TTGGTACTACTGGT-1,3,1066,3268.0,2.8457773
TTGGTACTCTTAGG-1,0,752,2928.0,1.7418033
TTGGTACTGAATCC-1,2,615,1855.0,2.5336926
TTGGTACTGGATTC-1,2,721,1883.0,1.9118428
TTGTACACGTTGTG-1,2,571,1537.0,3.7735848
TTGTACACTTGCAG-1,0,861,2260.0,1.3716815
TTGTAGCTAGCTCA-1,0,933,2519.0,2.2231045
TTGTAGCTCTCTTA-1,2,807,2136.0,2.6217227
TTGTCATGGACGGA-1,1,1082,2178.0,1.8365473
TTTAGAGATCCTCG-1,2,820,2362.0,1.354784
TTTAGCTGATACCG-1,0,887,2756.0,2.2859216
TTTAGCTGGATACC-1,3,850,2454.0,1.1002445
TTTAGCTGTACTCT-1,4,1567,5678.0,2.1134202
TTTAGGCTCCTTTA-1,3,803,1984.0,2.3185484
TTTATCCTGTTGTG-1,3,1156,3680.0,1.3043478
TTTCACGAGGTTCA-1,0,721,2037.0,1.3254787
TTTCAGTGGAAGGC-1,1,692,1781.0,1.5160022
TTTCAGTGTCACGA-1,2,700,1634.0,3.4271724
TTTCAGTGTCTATC-1,3,458,937.0,2.4546423
TTTCAGTGTGCAGT-1,2,637,1322.0,1.8910742
TTTCCAGAGGTGAG-1,0,873,2187.0,0.68587106
TTTCGAACACCTGA-1,4,1544,4460.0,1.3004484
TTTCGAACTCTCAT-1,3,1155,3461.0,2.109217
TTTCTACTGAGGCA-1,2,1227,3447.0,0.9283435
TTTCTACTTCCTCG-1,2,622,1684.0,2.1971495
TTTGCATGAGAGGC-1,2,454,1024.0,2.0507812
TTTGCATGCCTCAC-1,0,724,1985.0,0.80604535
